"ytrue","ypred","method","alf","type","index"
"EWS","EWS","LDAS",0.1,"hard",7
"BL-NHL","EWS","LDAS",0.1,"hard",30
"NB","NB","LDAS",0.1,"hard",84
"RMS","RMS","LDAS",0.1,"hard",44
"Normal","EWS","LDAS",0.1,"hard",65
"RMS","RMS","LDAS",0.1,"hard",52
"EWS","RMS","LDAS",0.1,"hard",8
"RMS","EWS","LDAS",0.1,"hard",46
"RMS","RMS","LDAS",0.1,"hard",63
"EWS","EWS","LDAS",0.1,"soft",7
"BL-NHL","BL-NHL","LDAS",0.1,"soft",30
"NB","NB","LDAS",0.1,"soft",84
"RMS","RMS","LDAS",0.1,"soft",44
"Normal","EWS","LDAS",0.1,"soft",65
"RMS","RMS","LDAS",0.1,"soft",52
"EWS","EWS","LDAS",0.1,"soft",8
"RMS","RMS","LDAS",0.1,"soft",46
"RMS","RMS","LDAS",0.1,"soft",63
"EWS","RMS","LDAS",0.1,"scad",7
"BL-NHL","BL-NHL","LDAS",0.1,"scad",30
"NB","NB","LDAS",0.1,"scad",84
"RMS","RMS","LDAS",0.1,"scad",44
"Normal","NB","LDAS",0.1,"scad",65
"RMS","RMS","LDAS",0.1,"scad",52
"EWS","EWS","LDAS",0.1,"scad",8
"RMS","RMS","LDAS",0.1,"scad",46
"RMS","EWS","LDAS",0.1,"scad",63
"EWS","RMS","LDAS",0.1,"adpt",7
"BL-NHL","BL-NHL","LDAS",0.1,"adpt",30
"NB","NB","LDAS",0.1,"adpt",84
"RMS","RMS","LDAS",0.1,"adpt",44
"Normal","NB","LDAS",0.1,"adpt",65
"RMS","RMS","LDAS",0.1,"adpt",52
"EWS","EWS","LDAS",0.1,"adpt",8
"RMS","RMS","LDAS",0.1,"adpt",46
"RMS","NB","LDAS",0.1,"adpt",63
"EWS","EWS","LDAS",0.05,"hard",7
"BL-NHL","EWS","LDAS",0.05,"hard",30
"NB","RMS","LDAS",0.05,"hard",84
"RMS","NB","LDAS",0.05,"hard",44
"Normal","EWS","LDAS",0.05,"hard",65
"RMS","RMS","LDAS",0.05,"hard",52
"EWS","EWS","LDAS",0.05,"hard",8
"RMS","RMS","LDAS",0.05,"hard",46
"RMS","RMS","LDAS",0.05,"hard",63
"EWS","EWS","LDAS",0.05,"soft",7
"BL-NHL","EWS","LDAS",0.05,"soft",30
"NB","NB","LDAS",0.05,"soft",84
"RMS","RMS","LDAS",0.05,"soft",44
"Normal","EWS","LDAS",0.05,"soft",65
"RMS","RMS","LDAS",0.05,"soft",52
"EWS","EWS","LDAS",0.05,"soft",8
"RMS","RMS","LDAS",0.05,"soft",46
"RMS","RMS","LDAS",0.05,"soft",63
"EWS","EWS","LDAS",0.05,"scad",7
"BL-NHL","BL-NHL","LDAS",0.05,"scad",30
"NB","NB","LDAS",0.05,"scad",84
"RMS","RMS","LDAS",0.05,"scad",44
"Normal","EWS","LDAS",0.05,"scad",65
"RMS","RMS","LDAS",0.05,"scad",52
"EWS","EWS","LDAS",0.05,"scad",8
"RMS","EWS","LDAS",0.05,"scad",46
"RMS","RMS","LDAS",0.05,"scad",63
"EWS","EWS","LDAS",0.05,"adpt",7
"BL-NHL","EWS","LDAS",0.05,"adpt",30
"NB","NB","LDAS",0.05,"adpt",84
"RMS","RMS","LDAS",0.05,"adpt",44
"Normal","EWS","LDAS",0.05,"adpt",65
"RMS","EWS","LDAS",0.05,"adpt",52
"EWS","EWS","LDAS",0.05,"adpt",8
"RMS","RMS","LDAS",0.05,"adpt",46
"RMS","RMS","LDAS",0.05,"adpt",63
"EWS","EWS","LDAS",0.01,"hard",7
"BL-NHL","BL-NHL","LDAS",0.01,"hard",30
"NB","NB","LDAS",0.01,"hard",84
"RMS","RMS","LDAS",0.01,"hard",44
"Normal","EWS","LDAS",0.01,"hard",65
"RMS","RMS","LDAS",0.01,"hard",52
"EWS","EWS","LDAS",0.01,"hard",8
"RMS","EWS","LDAS",0.01,"hard",46
"RMS","RMS","LDAS",0.01,"hard",63
"EWS","EWS","LDAS",0.01,"soft",7
"BL-NHL","BL-NHL","LDAS",0.01,"soft",30
"NB","NB","LDAS",0.01,"soft",84
"RMS","RMS","LDAS",0.01,"soft",44
"Normal","EWS","LDAS",0.01,"soft",65
"RMS","RMS","LDAS",0.01,"soft",52
"EWS","EWS","LDAS",0.01,"soft",8
"RMS","EWS","LDAS",0.01,"soft",46
"RMS","RMS","LDAS",0.01,"soft",63
"EWS","EWS","LDAS",0.01,"scad",7
"BL-NHL","EWS","LDAS",0.01,"scad",30
"NB","NB","LDAS",0.01,"scad",84
"RMS","RMS","LDAS",0.01,"scad",44
"Normal","EWS","LDAS",0.01,"scad",65
"RMS","RMS","LDAS",0.01,"scad",52
"EWS","EWS","LDAS",0.01,"scad",8
"RMS","RMS","LDAS",0.01,"scad",46
"RMS","RMS","LDAS",0.01,"scad",63
"EWS","RMS","LDAS",0.01,"adpt",7
"BL-NHL","BL-NHL","LDAS",0.01,"adpt",30
"NB","EWS","LDAS",0.01,"adpt",84
"RMS","RMS","LDAS",0.01,"adpt",44
"Normal","EWS","LDAS",0.01,"adpt",65
"RMS","RMS","LDAS",0.01,"adpt",52
"EWS","EWS","LDAS",0.01,"adpt",8
"RMS","RMS","LDAS",0.01,"adpt",46
"RMS","RMS","LDAS",0.01,"adpt",63
"EWS","EWS","LDAS",0.001,"hard",7
"BL-NHL","BL-NHL","LDAS",0.001,"hard",30
"NB","NB","LDAS",0.001,"hard",84
"RMS","RMS","LDAS",0.001,"hard",44
"Normal","EWS","LDAS",0.001,"hard",65
"RMS","NB","LDAS",0.001,"hard",52
"EWS","EWS","LDAS",0.001,"hard",8
"RMS","RMS","LDAS",0.001,"hard",46
"RMS","RMS","LDAS",0.001,"hard",63
"EWS","EWS","LDAS",0.001,"soft",7
"BL-NHL","BL-NHL","LDAS",0.001,"soft",30
"NB","NB","LDAS",0.001,"soft",84
"RMS","RMS","LDAS",0.001,"soft",44
"Normal","EWS","LDAS",0.001,"soft",65
"RMS","RMS","LDAS",0.001,"soft",52
"EWS","EWS","LDAS",0.001,"soft",8
"RMS","RMS","LDAS",0.001,"soft",46
"RMS","RMS","LDAS",0.001,"soft",63
"EWS","EWS","LDAS",0.001,"scad",7
"BL-NHL","BL-NHL","LDAS",0.001,"scad",30
"NB","NB","LDAS",0.001,"scad",84
"RMS","RMS","LDAS",0.001,"scad",44
"Normal","EWS","LDAS",0.001,"scad",65
"RMS","NB","LDAS",0.001,"scad",52
"EWS","EWS","LDAS",0.001,"scad",8
"RMS","RMS","LDAS",0.001,"scad",46
"RMS","RMS","LDAS",0.001,"scad",63
"EWS","EWS","LDAS",0.001,"adpt",7
"BL-NHL","BL-NHL","LDAS",0.001,"adpt",30
"NB","NB","LDAS",0.001,"adpt",84
"RMS","RMS","LDAS",0.001,"adpt",44
"Normal","EWS","LDAS",0.001,"adpt",65
"RMS","EWS","LDAS",0.001,"adpt",52
"EWS","EWS","LDAS",0.001,"adpt",8
"RMS","RMS","LDAS",0.001,"adpt",46
"RMS","RMS","LDAS",0.001,"adpt",63
"EWS","EWS","LDA",NA,NA,7
"BL-NHL","BL-NHL","LDA",NA,NA,30
"NB","Normal","LDA",NA,NA,84
"RMS","BL-NHL","LDA",NA,NA,44
"Normal","EWS","LDA",NA,NA,65
"RMS","NB","LDA",NA,NA,52
"EWS","EWS","LDA",NA,NA,8
"RMS","NB","LDA",NA,NA,46
"RMS","EWS","LDA",NA,NA,63
"EWS","EWS","SVM",NA,NA,7
"BL-NHL","BL-NHL","SVM",NA,NA,30
"NB","NB","SVM",NA,NA,84
"RMS","RMS","SVM",NA,NA,44
"Normal","EWS","SVM",NA,NA,65
"RMS","RMS","SVM",NA,NA,52
"EWS","EWS","SVM",NA,NA,8
"RMS","RMS","SVM",NA,NA,46
"RMS","RMS","SVM",NA,NA,63
"EWS","EWS","NB",NA,NA,7
"BL-NHL","BL-NHL","NB",NA,NA,30
"NB","NB","NB",NA,NA,84
"RMS","RMS","NB",NA,NA,44
"Normal","Normal","NB",NA,NA,65
"RMS","RMS","NB",NA,NA,52
"EWS","EWS","NB",NA,NA,8
"RMS","RMS","NB",NA,NA,46
"RMS","RMS","NB",NA,NA,63
"EWS","EWS","RDA",NA,NA,7
"BL-NHL","BL-NHL","RDA",NA,NA,30
"NB","NB","RDA",NA,NA,84
"RMS","RMS","RDA",NA,NA,44
"Normal","Normal","RDA",NA,NA,65
"RMS","NB","RDA",NA,NA,52
"EWS","EWS","RDA",NA,NA,8
"RMS","RMS","RDA",NA,NA,46
"RMS","RMS","RDA",NA,NA,63
"EWS","EWS","PenalizedLDA",NA,NA,7
"BL-NHL","BL-NHL","PenalizedLDA",NA,NA,30
"NB","NB","PenalizedLDA",NA,NA,84
"RMS","RMS","PenalizedLDA",NA,NA,44
"Normal","Normal","PenalizedLDA",NA,NA,65
"RMS","NB","PenalizedLDA",NA,NA,52
"EWS","EWS","PenalizedLDA",NA,NA,8
"RMS","RMS","PenalizedLDA",NA,NA,46
"RMS","RMS","PenalizedLDA",NA,NA,63
"EWS","EWS","HDDA",NA,NA,7
"BL-NHL","BL-NHL","HDDA",NA,NA,30
"NB","NB","HDDA",NA,NA,84
"RMS","RMS","HDDA",NA,NA,44
"Normal","EWS","HDDA",NA,NA,65
"RMS","RMS","HDDA",NA,NA,52
"EWS","EWS","HDDA",NA,NA,8
"RMS","EWS","HDDA",NA,NA,46
"RMS","EWS","HDDA",NA,NA,63
"EWS","EWS","LDAS",0.1,"hard",3
"BL-NHL","RMS","LDAS",0.1,"hard",26
"Normal","RMS","LDAS",0.1,"hard",66
"NB","NB","LDAS",0.1,"hard",32
"EWS","EWS","LDAS",0.1,"hard",11
"EWS","EWS","LDAS",0.1,"hard",20
"NB","NB","LDAS",0.1,"hard",87
"RMS","RMS","LDAS",0.1,"hard",74
"EWS","RMS","LDAS",0.1,"hard",79
"EWS","EWS","LDAS",0.1,"soft",3
"BL-NHL","BL-NHL","LDAS",0.1,"soft",26
"Normal","RMS","LDAS",0.1,"soft",66
"NB","NB","LDAS",0.1,"soft",32
"EWS","EWS","LDAS",0.1,"soft",11
"EWS","EWS","LDAS",0.1,"soft",20
"NB","EWS","LDAS",0.1,"soft",87
"RMS","RMS","LDAS",0.1,"soft",74
"EWS","EWS","LDAS",0.1,"soft",79
"EWS","EWS","LDAS",0.1,"scad",3
"BL-NHL","BL-NHL","LDAS",0.1,"scad",26
"Normal","EWS","LDAS",0.1,"scad",66
"NB","NB","LDAS",0.1,"scad",32
"EWS","EWS","LDAS",0.1,"scad",11
"EWS","EWS","LDAS",0.1,"scad",20
"NB","RMS","LDAS",0.1,"scad",87
"RMS","EWS","LDAS",0.1,"scad",74
"EWS","EWS","LDAS",0.1,"scad",79
"EWS","EWS","LDAS",0.1,"adpt",3
"BL-NHL","BL-NHL","LDAS",0.1,"adpt",26
"Normal","EWS","LDAS",0.1,"adpt",66
"NB","NB","LDAS",0.1,"adpt",32
"EWS","EWS","LDAS",0.1,"adpt",11
"EWS","EWS","LDAS",0.1,"adpt",20
"NB","NB","LDAS",0.1,"adpt",87
"RMS","RMS","LDAS",0.1,"adpt",74
"EWS","EWS","LDAS",0.1,"adpt",79
"EWS","EWS","LDAS",0.05,"hard",3
"BL-NHL","RMS","LDAS",0.05,"hard",26
"Normal","RMS","LDAS",0.05,"hard",66
"NB","NB","LDAS",0.05,"hard",32
"EWS","EWS","LDAS",0.05,"hard",11
"EWS","EWS","LDAS",0.05,"hard",20
"NB","NB","LDAS",0.05,"hard",87
"RMS","NB","LDAS",0.05,"hard",74
"EWS","EWS","LDAS",0.05,"hard",79
"EWS","EWS","LDAS",0.05,"soft",3
"BL-NHL","BL-NHL","LDAS",0.05,"soft",26
"Normal","EWS","LDAS",0.05,"soft",66
"NB","NB","LDAS",0.05,"soft",32
"EWS","EWS","LDAS",0.05,"soft",11
"EWS","EWS","LDAS",0.05,"soft",20
"NB","RMS","LDAS",0.05,"soft",87
"RMS","RMS","LDAS",0.05,"soft",74
"EWS","EWS","LDAS",0.05,"soft",79
"EWS","EWS","LDAS",0.05,"scad",3
"BL-NHL","BL-NHL","LDAS",0.05,"scad",26
"Normal","NB","LDAS",0.05,"scad",66
"NB","NB","LDAS",0.05,"scad",32
"EWS","EWS","LDAS",0.05,"scad",11
"EWS","EWS","LDAS",0.05,"scad",20
"NB","NB","LDAS",0.05,"scad",87
"RMS","RMS","LDAS",0.05,"scad",74
"EWS","EWS","LDAS",0.05,"scad",79
"EWS","EWS","LDAS",0.05,"adpt",3
"BL-NHL","BL-NHL","LDAS",0.05,"adpt",26
"Normal","RMS","LDAS",0.05,"adpt",66
"NB","NB","LDAS",0.05,"adpt",32
"EWS","EWS","LDAS",0.05,"adpt",11
"EWS","EWS","LDAS",0.05,"adpt",20
"NB","NB","LDAS",0.05,"adpt",87
"RMS","RMS","LDAS",0.05,"adpt",74
"EWS","EWS","LDAS",0.05,"adpt",79
"EWS","EWS","LDAS",0.01,"hard",3
"BL-NHL","EWS","LDAS",0.01,"hard",26
"Normal","RMS","LDAS",0.01,"hard",66
"NB","NB","LDAS",0.01,"hard",32
"EWS","EWS","LDAS",0.01,"hard",11
"EWS","EWS","LDAS",0.01,"hard",20
"NB","EWS","LDAS",0.01,"hard",87
"RMS","RMS","LDAS",0.01,"hard",74
"EWS","EWS","LDAS",0.01,"hard",79
"EWS","EWS","LDAS",0.01,"soft",3
"BL-NHL","BL-NHL","LDAS",0.01,"soft",26
"Normal","EWS","LDAS",0.01,"soft",66
"NB","NB","LDAS",0.01,"soft",32
"EWS","EWS","LDAS",0.01,"soft",11
"EWS","EWS","LDAS",0.01,"soft",20
"NB","RMS","LDAS",0.01,"soft",87
"RMS","RMS","LDAS",0.01,"soft",74
"EWS","EWS","LDAS",0.01,"soft",79
"EWS","EWS","LDAS",0.01,"scad",3
"BL-NHL","BL-NHL","LDAS",0.01,"scad",26
"Normal","RMS","LDAS",0.01,"scad",66
"NB","NB","LDAS",0.01,"scad",32
"EWS","EWS","LDAS",0.01,"scad",11
"EWS","EWS","LDAS",0.01,"scad",20
"NB","NB","LDAS",0.01,"scad",87
"RMS","RMS","LDAS",0.01,"scad",74
"EWS","EWS","LDAS",0.01,"scad",79
"EWS","EWS","LDAS",0.01,"adpt",3
"BL-NHL","BL-NHL","LDAS",0.01,"adpt",26
"Normal","EWS","LDAS",0.01,"adpt",66
"NB","NB","LDAS",0.01,"adpt",32
"EWS","EWS","LDAS",0.01,"adpt",11
"EWS","EWS","LDAS",0.01,"adpt",20
"NB","NB","LDAS",0.01,"adpt",87
"RMS","RMS","LDAS",0.01,"adpt",74
"EWS","EWS","LDAS",0.01,"adpt",79
"EWS","EWS","LDAS",0.001,"hard",3
"BL-NHL","BL-NHL","LDAS",0.001,"hard",26
"Normal","EWS","LDAS",0.001,"hard",66
"NB","NB","LDAS",0.001,"hard",32
"EWS","EWS","LDAS",0.001,"hard",11
"EWS","EWS","LDAS",0.001,"hard",20
"NB","NB","LDAS",0.001,"hard",87
"RMS","RMS","LDAS",0.001,"hard",74
"EWS","EWS","LDAS",0.001,"hard",79
"EWS","EWS","LDAS",0.001,"soft",3
"BL-NHL","EWS","LDAS",0.001,"soft",26
"Normal","NB","LDAS",0.001,"soft",66
"NB","NB","LDAS",0.001,"soft",32
"EWS","EWS","LDAS",0.001,"soft",11
"EWS","EWS","LDAS",0.001,"soft",20
"NB","NB","LDAS",0.001,"soft",87
"RMS","RMS","LDAS",0.001,"soft",74
"EWS","EWS","LDAS",0.001,"soft",79
"EWS","EWS","LDAS",0.001,"scad",3
"BL-NHL","BL-NHL","LDAS",0.001,"scad",26
"Normal","EWS","LDAS",0.001,"scad",66
"NB","NB","LDAS",0.001,"scad",32
"EWS","EWS","LDAS",0.001,"scad",11
"EWS","EWS","LDAS",0.001,"scad",20
"NB","NB","LDAS",0.001,"scad",87
"RMS","RMS","LDAS",0.001,"scad",74
"EWS","EWS","LDAS",0.001,"scad",79
"EWS","EWS","LDAS",0.001,"adpt",3
"BL-NHL","BL-NHL","LDAS",0.001,"adpt",26
"Normal","EWS","LDAS",0.001,"adpt",66
"NB","NB","LDAS",0.001,"adpt",32
"EWS","EWS","LDAS",0.001,"adpt",11
"EWS","EWS","LDAS",0.001,"adpt",20
"NB","NB","LDAS",0.001,"adpt",87
"RMS","RMS","LDAS",0.001,"adpt",74
"EWS","EWS","LDAS",0.001,"adpt",79
"EWS","EWS","LDA",NA,NA,3
"BL-NHL","BL-NHL","LDA",NA,NA,26
"Normal","EWS","LDA",NA,NA,66
"NB","NB","LDA",NA,NA,32
"EWS","EWS","LDA",NA,NA,11
"EWS","BL-NHL","LDA",NA,NA,20
"NB","NB","LDA",NA,NA,87
"RMS","RMS","LDA",NA,NA,74
"EWS","RMS","LDA",NA,NA,79
"EWS","EWS","SVM",NA,NA,3
"BL-NHL","BL-NHL","SVM",NA,NA,26
"Normal","EWS","SVM",NA,NA,66
"NB","NB","SVM",NA,NA,32
"EWS","EWS","SVM",NA,NA,11
"EWS","NB","SVM",NA,NA,20
"NB","NB","SVM",NA,NA,87
"RMS","RMS","SVM",NA,NA,74
"EWS","EWS","SVM",NA,NA,79
"EWS","EWS","NB",NA,NA,3
"BL-NHL","BL-NHL","NB",NA,NA,26
"Normal","EWS","NB",NA,NA,66
"NB","NB","NB",NA,NA,32
"EWS","EWS","NB",NA,NA,11
"EWS","EWS","NB",NA,NA,20
"NB","NB","NB",NA,NA,87
"RMS","RMS","NB",NA,NA,74
"EWS","EWS","NB",NA,NA,79
"EWS","EWS","RDA",NA,NA,3
"BL-NHL","BL-NHL","RDA",NA,NA,26
"Normal","EWS","RDA",NA,NA,66
"NB","NB","RDA",NA,NA,32
"EWS","EWS","RDA",NA,NA,11
"EWS","EWS","RDA",NA,NA,20
"NB","NB","RDA",NA,NA,87
"RMS","RMS","RDA",NA,NA,74
"EWS","RMS","RDA",NA,NA,79
"EWS","EWS","PenalizedLDA",NA,NA,3
"BL-NHL","BL-NHL","PenalizedLDA",NA,NA,26
"Normal","EWS","PenalizedLDA",NA,NA,66
"NB","NB","PenalizedLDA",NA,NA,32
"EWS","EWS","PenalizedLDA",NA,NA,11
"EWS","EWS","PenalizedLDA",NA,NA,20
"NB","NB","PenalizedLDA",NA,NA,87
"RMS","RMS","PenalizedLDA",NA,NA,74
"EWS","EWS","PenalizedLDA",NA,NA,79
"EWS","EWS","HDDA",NA,NA,3
"BL-NHL","BL-NHL","HDDA",NA,NA,26
"Normal","EWS","HDDA",NA,NA,66
"NB","EWS","HDDA",NA,NA,32
"EWS","EWS","HDDA",NA,NA,11
"EWS","EWS","HDDA",NA,NA,20
"NB","NB","HDDA",NA,NA,87
"RMS","RMS","HDDA",NA,NA,74
"EWS","EWS","HDDA",NA,NA,79
"EWS","RMS","LDAS",0.1,"hard",2
"RMS","RMS","LDAS",0.1,"hard",53
"NB","NB","LDAS",0.1,"hard",86
"EWS","EWS","LDAS",0.1,"hard",1
"RMS","RMS","LDAS",0.1,"hard",56
"RMS","EWS","LDAS",0.1,"hard",59
"Normal","EWS","LDAS",0.1,"hard",67
"EWS","RMS","LDAS",0.1,"hard",16
"RMS","RMS","LDAS",0.1,"hard",48
"EWS","EWS","LDAS",0.1,"soft",2
"RMS","RMS","LDAS",0.1,"soft",53
"NB","NB","LDAS",0.1,"soft",86
"EWS","EWS","LDAS",0.1,"soft",1
"RMS","RMS","LDAS",0.1,"soft",56
"RMS","RMS","LDAS",0.1,"soft",59
"Normal","EWS","LDAS",0.1,"soft",67
"EWS","EWS","LDAS",0.1,"soft",16
"RMS","RMS","LDAS",0.1,"soft",48
"EWS","EWS","LDAS",0.1,"scad",2
"RMS","RMS","LDAS",0.1,"scad",53
"NB","NB","LDAS",0.1,"scad",86
"EWS","EWS","LDAS",0.1,"scad",1
"RMS","RMS","LDAS",0.1,"scad",56
"RMS","RMS","LDAS",0.1,"scad",59
"Normal","RMS","LDAS",0.1,"scad",67
"EWS","EWS","LDAS",0.1,"scad",16
"RMS","RMS","LDAS",0.1,"scad",48
"EWS","EWS","LDAS",0.1,"adpt",2
"RMS","RMS","LDAS",0.1,"adpt",53
"NB","NB","LDAS",0.1,"adpt",86
"EWS","EWS","LDAS",0.1,"adpt",1
"RMS","RMS","LDAS",0.1,"adpt",56
"RMS","RMS","LDAS",0.1,"adpt",59
"Normal","RMS","LDAS",0.1,"adpt",67
"EWS","EWS","LDAS",0.1,"adpt",16
"RMS","RMS","LDAS",0.1,"adpt",48
"EWS","EWS","LDAS",0.05,"hard",2
"RMS","RMS","LDAS",0.05,"hard",53
"NB","NB","LDAS",0.05,"hard",86
"EWS","EWS","LDAS",0.05,"hard",1
"RMS","RMS","LDAS",0.05,"hard",56
"RMS","RMS","LDAS",0.05,"hard",59
"Normal","RMS","LDAS",0.05,"hard",67
"EWS","EWS","LDAS",0.05,"hard",16
"RMS","RMS","LDAS",0.05,"hard",48
"EWS","EWS","LDAS",0.05,"soft",2
"RMS","RMS","LDAS",0.05,"soft",53
"NB","NB","LDAS",0.05,"soft",86
"EWS","EWS","LDAS",0.05,"soft",1
"RMS","RMS","LDAS",0.05,"soft",56
"RMS","RMS","LDAS",0.05,"soft",59
"Normal","EWS","LDAS",0.05,"soft",67
"EWS","EWS","LDAS",0.05,"soft",16
"RMS","RMS","LDAS",0.05,"soft",48
"EWS","EWS","LDAS",0.05,"scad",2
"RMS","RMS","LDAS",0.05,"scad",53
"NB","NB","LDAS",0.05,"scad",86
"EWS","EWS","LDAS",0.05,"scad",1
"RMS","RMS","LDAS",0.05,"scad",56
"RMS","RMS","LDAS",0.05,"scad",59
"Normal","NB","LDAS",0.05,"scad",67
"EWS","EWS","LDAS",0.05,"scad",16
"RMS","RMS","LDAS",0.05,"scad",48
"EWS","EWS","LDAS",0.05,"adpt",2
"RMS","RMS","LDAS",0.05,"adpt",53
"NB","NB","LDAS",0.05,"adpt",86
"EWS","EWS","LDAS",0.05,"adpt",1
"RMS","RMS","LDAS",0.05,"adpt",56
"RMS","RMS","LDAS",0.05,"adpt",59
"Normal","EWS","LDAS",0.05,"adpt",67
"EWS","EWS","LDAS",0.05,"adpt",16
"RMS","RMS","LDAS",0.05,"adpt",48
"EWS","EWS","LDAS",0.01,"hard",2
"RMS","RMS","LDAS",0.01,"hard",53
"NB","NB","LDAS",0.01,"hard",86
"EWS","EWS","LDAS",0.01,"hard",1
"RMS","NB","LDAS",0.01,"hard",56
"RMS","RMS","LDAS",0.01,"hard",59
"Normal","NB","LDAS",0.01,"hard",67
"EWS","EWS","LDAS",0.01,"hard",16
"RMS","RMS","LDAS",0.01,"hard",48
"EWS","EWS","LDAS",0.01,"soft",2
"RMS","RMS","LDAS",0.01,"soft",53
"NB","NB","LDAS",0.01,"soft",86
"EWS","EWS","LDAS",0.01,"soft",1
"RMS","RMS","LDAS",0.01,"soft",56
"RMS","RMS","LDAS",0.01,"soft",59
"Normal","RMS","LDAS",0.01,"soft",67
"EWS","EWS","LDAS",0.01,"soft",16
"RMS","RMS","LDAS",0.01,"soft",48
"EWS","EWS","LDAS",0.01,"scad",2
"RMS","RMS","LDAS",0.01,"scad",53
"NB","NB","LDAS",0.01,"scad",86
"EWS","EWS","LDAS",0.01,"scad",1
"RMS","RMS","LDAS",0.01,"scad",56
"RMS","RMS","LDAS",0.01,"scad",59
"Normal","NB","LDAS",0.01,"scad",67
"EWS","EWS","LDAS",0.01,"scad",16
"RMS","RMS","LDAS",0.01,"scad",48
"EWS","RMS","LDAS",0.01,"adpt",2
"RMS","RMS","LDAS",0.01,"adpt",53
"NB","NB","LDAS",0.01,"adpt",86
"EWS","EWS","LDAS",0.01,"adpt",1
"RMS","RMS","LDAS",0.01,"adpt",56
"RMS","RMS","LDAS",0.01,"adpt",59
"Normal","RMS","LDAS",0.01,"adpt",67
"EWS","EWS","LDAS",0.01,"adpt",16
"RMS","RMS","LDAS",0.01,"adpt",48
"EWS","EWS","LDAS",0.001,"hard",2
"RMS","EWS","LDAS",0.001,"hard",53
"NB","RMS","LDAS",0.001,"hard",86
"EWS","EWS","LDAS",0.001,"hard",1
"RMS","RMS","LDAS",0.001,"hard",56
"RMS","EWS","LDAS",0.001,"hard",59
"Normal","EWS","LDAS",0.001,"hard",67
"EWS","EWS","LDAS",0.001,"hard",16
"RMS","RMS","LDAS",0.001,"hard",48
"EWS","EWS","LDAS",0.001,"soft",2
"RMS","RMS","LDAS",0.001,"soft",53
"NB","NB","LDAS",0.001,"soft",86
"EWS","EWS","LDAS",0.001,"soft",1
"RMS","RMS","LDAS",0.001,"soft",56
"RMS","RMS","LDAS",0.001,"soft",59
"Normal","EWS","LDAS",0.001,"soft",67
"EWS","EWS","LDAS",0.001,"soft",16
"RMS","RMS","LDAS",0.001,"soft",48
"EWS","EWS","LDAS",0.001,"scad",2
"RMS","RMS","LDAS",0.001,"scad",53
"NB","RMS","LDAS",0.001,"scad",86
"EWS","EWS","LDAS",0.001,"scad",1
"RMS","RMS","LDAS",0.001,"scad",56
"RMS","RMS","LDAS",0.001,"scad",59
"Normal","EWS","LDAS",0.001,"scad",67
"EWS","EWS","LDAS",0.001,"scad",16
"RMS","NB","LDAS",0.001,"scad",48
"EWS","EWS","LDAS",0.001,"adpt",2
"RMS","RMS","LDAS",0.001,"adpt",53
"NB","NB","LDAS",0.001,"adpt",86
"EWS","EWS","LDAS",0.001,"adpt",1
"RMS","RMS","LDAS",0.001,"adpt",56
"RMS","RMS","LDAS",0.001,"adpt",59
"Normal","RMS","LDAS",0.001,"adpt",67
"EWS","EWS","LDAS",0.001,"adpt",16
"RMS","RMS","LDAS",0.001,"adpt",48
"EWS","EWS","LDA",NA,NA,2
"RMS","NB","LDA",NA,NA,53
"NB","EWS","LDA",NA,NA,86
"EWS","EWS","LDA",NA,NA,1
"RMS","EWS","LDA",NA,NA,56
"RMS","RMS","LDA",NA,NA,59
"Normal","EWS","LDA",NA,NA,67
"EWS","EWS","LDA",NA,NA,16
"RMS","NB","LDA",NA,NA,48
"EWS","EWS","SVM",NA,NA,2
"RMS","RMS","SVM",NA,NA,53
"NB","NB","SVM",NA,NA,86
"EWS","EWS","SVM",NA,NA,1
"RMS","RMS","SVM",NA,NA,56
"RMS","RMS","SVM",NA,NA,59
"Normal","RMS","SVM",NA,NA,67
"EWS","EWS","SVM",NA,NA,16
"RMS","RMS","SVM",NA,NA,48
"EWS","EWS","NB",NA,NA,2
"RMS","RMS","NB",NA,NA,53
"NB","NB","NB",NA,NA,86
"EWS","EWS","NB",NA,NA,1
"RMS","RMS","NB",NA,NA,56
"RMS","RMS","NB",NA,NA,59
"Normal","RMS","NB",NA,NA,67
"EWS","EWS","NB",NA,NA,16
"RMS","RMS","NB",NA,NA,48
"EWS","EWS","RDA",NA,NA,2
"RMS","NB","RDA",NA,NA,53
"NB","NB","RDA",NA,NA,86
"EWS","EWS","RDA",NA,NA,1
"RMS","RMS","RDA",NA,NA,56
"RMS","RMS","RDA",NA,NA,59
"Normal","NB","RDA",NA,NA,67
"EWS","NB","RDA",NA,NA,16
"RMS","NB","RDA",NA,NA,48
"EWS","EWS","PenalizedLDA",NA,NA,2
"RMS","RMS","PenalizedLDA",NA,NA,53
"NB","NB","PenalizedLDA",NA,NA,86
"EWS","EWS","PenalizedLDA",NA,NA,1
"RMS","RMS","PenalizedLDA",NA,NA,56
"RMS","RMS","PenalizedLDA",NA,NA,59
"Normal","RMS","PenalizedLDA",NA,NA,67
"EWS","NB","PenalizedLDA",NA,NA,16
"RMS","RMS","PenalizedLDA",NA,NA,48
"EWS","EWS","HDDA",NA,NA,2
"RMS","RMS","HDDA",NA,NA,53
"NB","NB","HDDA",NA,NA,86
"EWS","EWS","HDDA",NA,NA,1
"RMS","RMS","HDDA",NA,NA,56
"RMS","RMS","HDDA",NA,NA,59
"Normal","EWS","HDDA",NA,NA,67
"EWS","EWS","HDDA",NA,NA,16
"RMS","RMS","HDDA",NA,NA,48
"NB","EWS","LDAS",0.1,"hard",39
"EWS","EWS","LDAS",0.1,"hard",6
"EWS","EWS","LDAS",0.1,"hard",10
"BL-NHL","RMS","LDAS",0.1,"hard",29
"RMS","EWS","LDAS",0.1,"hard",51
"RMS","RMS","LDAS",0.1,"hard",83
"BL-NHL","BL-NHL","LDAS",0.1,"hard",31
"RMS","RMS","LDAS",0.1,"hard",54
"RMS","EWS","LDAS",0.1,"hard",69
"NB","NB","LDAS",0.1,"soft",39
"EWS","EWS","LDAS",0.1,"soft",6
"EWS","EWS","LDAS",0.1,"soft",10
"BL-NHL","RMS","LDAS",0.1,"soft",29
"RMS","RMS","LDAS",0.1,"soft",51
"RMS","RMS","LDAS",0.1,"soft",83
"BL-NHL","BL-NHL","LDAS",0.1,"soft",31
"RMS","EWS","LDAS",0.1,"soft",54
"RMS","RMS","LDAS",0.1,"soft",69
"NB","NB","LDAS",0.1,"scad",39
"EWS","EWS","LDAS",0.1,"scad",6
"EWS","EWS","LDAS",0.1,"scad",10
"BL-NHL","RMS","LDAS",0.1,"scad",29
"RMS","RMS","LDAS",0.1,"scad",51
"RMS","EWS","LDAS",0.1,"scad",83
"BL-NHL","BL-NHL","LDAS",0.1,"scad",31
"RMS","EWS","LDAS",0.1,"scad",54
"RMS","RMS","LDAS",0.1,"scad",69
"NB","NB","LDAS",0.1,"adpt",39
"EWS","EWS","LDAS",0.1,"adpt",6
"EWS","EWS","LDAS",0.1,"adpt",10
"BL-NHL","EWS","LDAS",0.1,"adpt",29
"RMS","RMS","LDAS",0.1,"adpt",51
"RMS","NB","LDAS",0.1,"adpt",83
"BL-NHL","BL-NHL","LDAS",0.1,"adpt",31
"RMS","NB","LDAS",0.1,"adpt",54
"RMS","NB","LDAS",0.1,"adpt",69
"NB","EWS","LDAS",0.05,"hard",39
"EWS","RMS","LDAS",0.05,"hard",6
"EWS","EWS","LDAS",0.05,"hard",10
"BL-NHL","EWS","LDAS",0.05,"hard",29
"RMS","RMS","LDAS",0.05,"hard",51
"RMS","EWS","LDAS",0.05,"hard",83
"BL-NHL","BL-NHL","LDAS",0.05,"hard",31
"RMS","NB","LDAS",0.05,"hard",54
"RMS","RMS","LDAS",0.05,"hard",69
"NB","NB","LDAS",0.05,"soft",39
"EWS","EWS","LDAS",0.05,"soft",6
"EWS","EWS","LDAS",0.05,"soft",10
"BL-NHL","EWS","LDAS",0.05,"soft",29
"RMS","EWS","LDAS",0.05,"soft",51
"RMS","EWS","LDAS",0.05,"soft",83
"BL-NHL","EWS","LDAS",0.05,"soft",31
"RMS","EWS","LDAS",0.05,"soft",54
"RMS","NB","LDAS",0.05,"soft",69
"NB","NB","LDAS",0.05,"scad",39
"EWS","EWS","LDAS",0.05,"scad",6
"EWS","EWS","LDAS",0.05,"scad",10
"BL-NHL","BL-NHL","LDAS",0.05,"scad",29
"RMS","RMS","LDAS",0.05,"scad",51
"RMS","RMS","LDAS",0.05,"scad",83
"BL-NHL","EWS","LDAS",0.05,"scad",31
"RMS","RMS","LDAS",0.05,"scad",54
"RMS","RMS","LDAS",0.05,"scad",69
"NB","NB","LDAS",0.05,"adpt",39
"EWS","EWS","LDAS",0.05,"adpt",6
"EWS","EWS","LDAS",0.05,"adpt",10
"BL-NHL","BL-NHL","LDAS",0.05,"adpt",29
"RMS","NB","LDAS",0.05,"adpt",51
"RMS","RMS","LDAS",0.05,"adpt",83
"BL-NHL","BL-NHL","LDAS",0.05,"adpt",31
"RMS","RMS","LDAS",0.05,"adpt",54
"RMS","EWS","LDAS",0.05,"adpt",69
"NB","NB","LDAS",0.01,"hard",39
"EWS","EWS","LDAS",0.01,"hard",6
"EWS","EWS","LDAS",0.01,"hard",10
"BL-NHL","BL-NHL","LDAS",0.01,"hard",29
"RMS","RMS","LDAS",0.01,"hard",51
"RMS","RMS","LDAS",0.01,"hard",83
"BL-NHL","BL-NHL","LDAS",0.01,"hard",31
"RMS","RMS","LDAS",0.01,"hard",54
"RMS","RMS","LDAS",0.01,"hard",69
"NB","NB","LDAS",0.01,"soft",39
"EWS","EWS","LDAS",0.01,"soft",6
"EWS","EWS","LDAS",0.01,"soft",10
"BL-NHL","BL-NHL","LDAS",0.01,"soft",29
"RMS","RMS","LDAS",0.01,"soft",51
"RMS","RMS","LDAS",0.01,"soft",83
"BL-NHL","BL-NHL","LDAS",0.01,"soft",31
"RMS","EWS","LDAS",0.01,"soft",54
"RMS","EWS","LDAS",0.01,"soft",69
"NB","NB","LDAS",0.01,"scad",39
"EWS","EWS","LDAS",0.01,"scad",6
"EWS","EWS","LDAS",0.01,"scad",10
"BL-NHL","BL-NHL","LDAS",0.01,"scad",29
"RMS","EWS","LDAS",0.01,"scad",51
"RMS","RMS","LDAS",0.01,"scad",83
"BL-NHL","BL-NHL","LDAS",0.01,"scad",31
"RMS","RMS","LDAS",0.01,"scad",54
"RMS","EWS","LDAS",0.01,"scad",69
"NB","NB","LDAS",0.01,"adpt",39
"EWS","EWS","LDAS",0.01,"adpt",6
"EWS","EWS","LDAS",0.01,"adpt",10
"BL-NHL","EWS","LDAS",0.01,"adpt",29
"RMS","RMS","LDAS",0.01,"adpt",51
"RMS","RMS","LDAS",0.01,"adpt",83
"BL-NHL","BL-NHL","LDAS",0.01,"adpt",31
"RMS","EWS","LDAS",0.01,"adpt",54
"RMS","EWS","LDAS",0.01,"adpt",69
"NB","NB","LDAS",0.001,"hard",39
"EWS","EWS","LDAS",0.001,"hard",6
"EWS","EWS","LDAS",0.001,"hard",10
"BL-NHL","BL-NHL","LDAS",0.001,"hard",29
"RMS","EWS","LDAS",0.001,"hard",51
"RMS","RMS","LDAS",0.001,"hard",83
"BL-NHL","BL-NHL","LDAS",0.001,"hard",31
"RMS","RMS","LDAS",0.001,"hard",54
"RMS","RMS","LDAS",0.001,"hard",69
"NB","NB","LDAS",0.001,"soft",39
"EWS","EWS","LDAS",0.001,"soft",6
"EWS","EWS","LDAS",0.001,"soft",10
"BL-NHL","BL-NHL","LDAS",0.001,"soft",29
"RMS","RMS","LDAS",0.001,"soft",51
"RMS","RMS","LDAS",0.001,"soft",83
"BL-NHL","BL-NHL","LDAS",0.001,"soft",31
"RMS","RMS","LDAS",0.001,"soft",54
"RMS","EWS","LDAS",0.001,"soft",69
"NB","NB","LDAS",0.001,"scad",39
"EWS","EWS","LDAS",0.001,"scad",6
"EWS","EWS","LDAS",0.001,"scad",10
"BL-NHL","BL-NHL","LDAS",0.001,"scad",29
"RMS","RMS","LDAS",0.001,"scad",51
"RMS","RMS","LDAS",0.001,"scad",83
"BL-NHL","BL-NHL","LDAS",0.001,"scad",31
"RMS","RMS","LDAS",0.001,"scad",54
"RMS","EWS","LDAS",0.001,"scad",69
"NB","NB","LDAS",0.001,"adpt",39
"EWS","EWS","LDAS",0.001,"adpt",6
"EWS","EWS","LDAS",0.001,"adpt",10
"BL-NHL","BL-NHL","LDAS",0.001,"adpt",29
"RMS","RMS","LDAS",0.001,"adpt",51
"RMS","RMS","LDAS",0.001,"adpt",83
"BL-NHL","BL-NHL","LDAS",0.001,"adpt",31
"RMS","RMS","LDAS",0.001,"adpt",54
"RMS","EWS","LDAS",0.001,"adpt",69
"NB","NB","LDA",NA,NA,39
"EWS","EWS","LDA",NA,NA,6
"EWS","RMS","LDA",NA,NA,10
"BL-NHL","BL-NHL","LDA",NA,NA,29
"RMS","RMS","LDA",NA,NA,51
"RMS","RMS","LDA",NA,NA,83
"BL-NHL","BL-NHL","LDA",NA,NA,31
"RMS","RMS","LDA",NA,NA,54
"RMS","RMS","LDA",NA,NA,69
"NB","NB","SVM",NA,NA,39
"EWS","EWS","SVM",NA,NA,6
"EWS","EWS","SVM",NA,NA,10
"BL-NHL","BL-NHL","SVM",NA,NA,29
"RMS","RMS","SVM",NA,NA,51
"RMS","RMS","SVM",NA,NA,83
"BL-NHL","BL-NHL","SVM",NA,NA,31
"RMS","RMS","SVM",NA,NA,54
"RMS","EWS","SVM",NA,NA,69
"NB","NB","NB",NA,NA,39
"EWS","EWS","NB",NA,NA,6
"EWS","EWS","NB",NA,NA,10
"BL-NHL","BL-NHL","NB",NA,NA,29
"RMS","RMS","NB",NA,NA,51
"RMS","RMS","NB",NA,NA,83
"BL-NHL","BL-NHL","NB",NA,NA,31
"RMS","RMS","NB",NA,NA,54
"RMS","RMS","NB",NA,NA,69
"NB","NB","RDA",NA,NA,39
"EWS","EWS","RDA",NA,NA,6
"EWS","RMS","RDA",NA,NA,10
"BL-NHL","BL-NHL","RDA",NA,NA,29
"RMS","NB","RDA",NA,NA,51
"RMS","RMS","RDA",NA,NA,83
"BL-NHL","BL-NHL","RDA",NA,NA,31
"RMS","RMS","RDA",NA,NA,54
"RMS","RMS","RDA",NA,NA,69
"NB","NB","PenalizedLDA",NA,NA,39
"EWS","EWS","PenalizedLDA",NA,NA,6
"EWS","EWS","PenalizedLDA",NA,NA,10
"BL-NHL","BL-NHL","PenalizedLDA",NA,NA,29
"RMS","RMS","PenalizedLDA",NA,NA,51
"RMS","RMS","PenalizedLDA",NA,NA,83
"BL-NHL","BL-NHL","PenalizedLDA",NA,NA,31
"RMS","RMS","PenalizedLDA",NA,NA,54
"RMS","RMS","PenalizedLDA",NA,NA,69
"NB","NB","HDDA",NA,NA,39
"EWS","EWS","HDDA",NA,NA,6
"EWS","EWS","HDDA",NA,NA,10
"BL-NHL","EWS","HDDA",NA,NA,29
"RMS","EWS","HDDA",NA,NA,51
"RMS","RMS","HDDA",NA,NA,83
"BL-NHL","BL-NHL","HDDA",NA,NA,31
"RMS","RMS","HDDA",NA,NA,54
"RMS","EWS","HDDA",NA,NA,69
"BL-NHL","BL-NHL","LDAS",0.1,"hard",27
"RMS","RMS","LDAS",0.1,"hard",81
"RMS","RMS","LDAS",0.1,"hard",62
"NB","RMS","LDAS",0.1,"hard",40
"RMS","RMS","LDAS",0.1,"hard",47
"Normal","RMS","LDAS",0.1,"hard",70
"RMS","RMS","LDAS",0.1,"hard",77
"EWS","EWS","LDAS",0.1,"hard",76
"EWS","EWS","LDAS",0.1,"hard",15
"BL-NHL","BL-NHL","LDAS",0.1,"soft",27
"RMS","RMS","LDAS",0.1,"soft",81
"RMS","RMS","LDAS",0.1,"soft",62
"NB","NB","LDAS",0.1,"soft",40
"RMS","RMS","LDAS",0.1,"soft",47
"Normal","RMS","LDAS",0.1,"soft",70
"RMS","RMS","LDAS",0.1,"soft",77
"EWS","EWS","LDAS",0.1,"soft",76
"EWS","EWS","LDAS",0.1,"soft",15
"BL-NHL","BL-NHL","LDAS",0.1,"scad",27
"RMS","RMS","LDAS",0.1,"scad",81
"RMS","RMS","LDAS",0.1,"scad",62
"NB","NB","LDAS",0.1,"scad",40
"RMS","RMS","LDAS",0.1,"scad",47
"Normal","RMS","LDAS",0.1,"scad",70
"RMS","RMS","LDAS",0.1,"scad",77
"EWS","EWS","LDAS",0.1,"scad",76
"EWS","EWS","LDAS",0.1,"scad",15
"BL-NHL","EWS","LDAS",0.1,"adpt",27
"RMS","RMS","LDAS",0.1,"adpt",81
"RMS","RMS","LDAS",0.1,"adpt",62
"NB","NB","LDAS",0.1,"adpt",40
"RMS","NB","LDAS",0.1,"adpt",47
"Normal","EWS","LDAS",0.1,"adpt",70
"RMS","RMS","LDAS",0.1,"adpt",77
"EWS","EWS","LDAS",0.1,"adpt",76
"EWS","EWS","LDAS",0.1,"adpt",15
"BL-NHL","BL-NHL","LDAS",0.05,"hard",27
"RMS","RMS","LDAS",0.05,"hard",81
"RMS","EWS","LDAS",0.05,"hard",62
"NB","NB","LDAS",0.05,"hard",40
"RMS","RMS","LDAS",0.05,"hard",47
"Normal","RMS","LDAS",0.05,"hard",70
"RMS","RMS","LDAS",0.05,"hard",77
"EWS","RMS","LDAS",0.05,"hard",76
"EWS","EWS","LDAS",0.05,"hard",15
"BL-NHL","BL-NHL","LDAS",0.05,"soft",27
"RMS","RMS","LDAS",0.05,"soft",81
"RMS","RMS","LDAS",0.05,"soft",62
"NB","NB","LDAS",0.05,"soft",40
"RMS","RMS","LDAS",0.05,"soft",47
"Normal","RMS","LDAS",0.05,"soft",70
"RMS","EWS","LDAS",0.05,"soft",77
"EWS","EWS","LDAS",0.05,"soft",76
"EWS","EWS","LDAS",0.05,"soft",15
"BL-NHL","BL-NHL","LDAS",0.05,"scad",27
"RMS","RMS","LDAS",0.05,"scad",81
"RMS","RMS","LDAS",0.05,"scad",62
"NB","NB","LDAS",0.05,"scad",40
"RMS","RMS","LDAS",0.05,"scad",47
"Normal","RMS","LDAS",0.05,"scad",70
"RMS","EWS","LDAS",0.05,"scad",77
"EWS","EWS","LDAS",0.05,"scad",76
"EWS","EWS","LDAS",0.05,"scad",15
"BL-NHL","BL-NHL","LDAS",0.05,"adpt",27
"RMS","RMS","LDAS",0.05,"adpt",81
"RMS","RMS","LDAS",0.05,"adpt",62
"NB","EWS","LDAS",0.05,"adpt",40
"RMS","RMS","LDAS",0.05,"adpt",47
"Normal","EWS","LDAS",0.05,"adpt",70
"RMS","RMS","LDAS",0.05,"adpt",77
"EWS","EWS","LDAS",0.05,"adpt",76
"EWS","EWS","LDAS",0.05,"adpt",15
"BL-NHL","BL-NHL","LDAS",0.01,"hard",27
"RMS","RMS","LDAS",0.01,"hard",81
"RMS","RMS","LDAS",0.01,"hard",62
"NB","NB","LDAS",0.01,"hard",40
"RMS","EWS","LDAS",0.01,"hard",47
"Normal","RMS","LDAS",0.01,"hard",70
"RMS","RMS","LDAS",0.01,"hard",77
"EWS","NB","LDAS",0.01,"hard",76
"EWS","EWS","LDAS",0.01,"hard",15
"BL-NHL","BL-NHL","LDAS",0.01,"soft",27
"RMS","RMS","LDAS",0.01,"soft",81
"RMS","RMS","LDAS",0.01,"soft",62
"NB","NB","LDAS",0.01,"soft",40
"RMS","RMS","LDAS",0.01,"soft",47
"Normal","RMS","LDAS",0.01,"soft",70
"RMS","EWS","LDAS",0.01,"soft",77
"EWS","NB","LDAS",0.01,"soft",76
"EWS","EWS","LDAS",0.01,"soft",15
"BL-NHL","BL-NHL","LDAS",0.01,"scad",27
"RMS","RMS","LDAS",0.01,"scad",81
"RMS","EWS","LDAS",0.01,"scad",62
"NB","NB","LDAS",0.01,"scad",40
"RMS","RMS","LDAS",0.01,"scad",47
"Normal","RMS","LDAS",0.01,"scad",70
"RMS","RMS","LDAS",0.01,"scad",77
"EWS","EWS","LDAS",0.01,"scad",76
"EWS","EWS","LDAS",0.01,"scad",15
"BL-NHL","BL-NHL","LDAS",0.01,"adpt",27
"RMS","RMS","LDAS",0.01,"adpt",81
"RMS","EWS","LDAS",0.01,"adpt",62
"NB","NB","LDAS",0.01,"adpt",40
"RMS","RMS","LDAS",0.01,"adpt",47
"Normal","RMS","LDAS",0.01,"adpt",70
"RMS","RMS","LDAS",0.01,"adpt",77
"EWS","EWS","LDAS",0.01,"adpt",76
"EWS","EWS","LDAS",0.01,"adpt",15
"BL-NHL","EWS","LDAS",0.001,"hard",27
"RMS","RMS","LDAS",0.001,"hard",81
"RMS","RMS","LDAS",0.001,"hard",62
"NB","EWS","LDAS",0.001,"hard",40
"RMS","RMS","LDAS",0.001,"hard",47
"Normal","EWS","LDAS",0.001,"hard",70
"RMS","RMS","LDAS",0.001,"hard",77
"EWS","EWS","LDAS",0.001,"hard",76
"EWS","EWS","LDAS",0.001,"hard",15
"BL-NHL","BL-NHL","LDAS",0.001,"soft",27
"RMS","RMS","LDAS",0.001,"soft",81
"RMS","RMS","LDAS",0.001,"soft",62
"NB","NB","LDAS",0.001,"soft",40
"RMS","RMS","LDAS",0.001,"soft",47
"Normal","RMS","LDAS",0.001,"soft",70
"RMS","RMS","LDAS",0.001,"soft",77
"EWS","EWS","LDAS",0.001,"soft",76
"EWS","EWS","LDAS",0.001,"soft",15
"BL-NHL","RMS","LDAS",0.001,"scad",27
"RMS","RMS","LDAS",0.001,"scad",81
"RMS","RMS","LDAS",0.001,"scad",62
"NB","RMS","LDAS",0.001,"scad",40
"RMS","RMS","LDAS",0.001,"scad",47
"Normal","RMS","LDAS",0.001,"scad",70
"RMS","RMS","LDAS",0.001,"scad",77
"EWS","EWS","LDAS",0.001,"scad",76
"EWS","EWS","LDAS",0.001,"scad",15
"BL-NHL","BL-NHL","LDAS",0.001,"adpt",27
"RMS","RMS","LDAS",0.001,"adpt",81
"RMS","RMS","LDAS",0.001,"adpt",62
"NB","NB","LDAS",0.001,"adpt",40
"RMS","RMS","LDAS",0.001,"adpt",47
"Normal","RMS","LDAS",0.001,"adpt",70
"RMS","RMS","LDAS",0.001,"adpt",77
"EWS","EWS","LDAS",0.001,"adpt",76
"EWS","EWS","LDAS",0.001,"adpt",15
"BL-NHL","BL-NHL","LDA",NA,NA,27
"RMS","Normal","LDA",NA,NA,81
"RMS","RMS","LDA",NA,NA,62
"NB","EWS","LDA",NA,NA,40
"RMS","RMS","LDA",NA,NA,47
"Normal","EWS","LDA",NA,NA,70
"RMS","Normal","LDA",NA,NA,77
"EWS","EWS","LDA",NA,NA,76
"EWS","Normal","LDA",NA,NA,15
"BL-NHL","BL-NHL","SVM",NA,NA,27
"RMS","RMS","SVM",NA,NA,81
"RMS","RMS","SVM",NA,NA,62
"NB","NB","SVM",NA,NA,40
"RMS","RMS","SVM",NA,NA,47
"Normal","RMS","SVM",NA,NA,70
"RMS","RMS","SVM",NA,NA,77
"EWS","EWS","SVM",NA,NA,76
"EWS","EWS","SVM",NA,NA,15
"BL-NHL","BL-NHL","NB",NA,NA,27
"RMS","RMS","NB",NA,NA,81
"RMS","RMS","NB",NA,NA,62
"NB","NB","NB",NA,NA,40
"RMS","RMS","NB",NA,NA,47
"Normal","Normal","NB",NA,NA,70
"RMS","RMS","NB",NA,NA,77
"EWS","EWS","NB",NA,NA,76
"EWS","EWS","NB",NA,NA,15
"BL-NHL","BL-NHL","RDA",NA,NA,27
"RMS","RMS","RDA",NA,NA,81
"RMS","RMS","RDA",NA,NA,62
"NB","NB","RDA",NA,NA,40
"RMS","RMS","RDA",NA,NA,47
"Normal","Normal","RDA",NA,NA,70
"RMS","RMS","RDA",NA,NA,77
"EWS","EWS","RDA",NA,NA,76
"EWS","EWS","RDA",NA,NA,15
"BL-NHL","BL-NHL","PenalizedLDA",NA,NA,27
"RMS","RMS","PenalizedLDA",NA,NA,81
"RMS","RMS","PenalizedLDA",NA,NA,62
"NB","NB","PenalizedLDA",NA,NA,40
"RMS","RMS","PenalizedLDA",NA,NA,47
"Normal","Normal","PenalizedLDA",NA,NA,70
"RMS","RMS","PenalizedLDA",NA,NA,77
"EWS","EWS","PenalizedLDA",NA,NA,76
"EWS","EWS","PenalizedLDA",NA,NA,15
"BL-NHL","BL-NHL","HDDA",NA,NA,27
"RMS","RMS","HDDA",NA,NA,81
"RMS","RMS","HDDA",NA,NA,62
"NB","NB","HDDA",NA,NA,40
"RMS","RMS","HDDA",NA,NA,47
"Normal","RMS","HDDA",NA,NA,70
"RMS","RMS","HDDA",NA,NA,77
"EWS","EWS","HDDA",NA,NA,76
"EWS","EWS","HDDA",NA,NA,15
"BL-NHL","EWS","LDAS",0.1,"hard",28
"RMS","NB","LDAS",0.1,"hard",57
"NB","RMS","LDAS",0.1,"hard",68
"RMS","EWS","LDAS",0.1,"hard",60
"RMS","EWS","LDAS",0.1,"hard",45
"EWS","NB","LDAS",0.1,"hard",4
"EWS","NB","LDAS",0.1,"hard",89
"EWS","NB","LDAS",0.1,"hard",13
"NB","EWS","LDAS",0.1,"hard",72
"BL-NHL","BL-NHL","LDAS",0.1,"soft",28
"RMS","EWS","LDAS",0.1,"soft",57
"NB","NB","LDAS",0.1,"soft",68
"RMS","RMS","LDAS",0.1,"soft",60
"RMS","RMS","LDAS",0.1,"soft",45
"EWS","NB","LDAS",0.1,"soft",4
"EWS","EWS","LDAS",0.1,"soft",89
"EWS","EWS","LDAS",0.1,"soft",13
"NB","EWS","LDAS",0.1,"soft",72
"BL-NHL","BL-NHL","LDAS",0.1,"scad",28
"RMS","RMS","LDAS",0.1,"scad",57
"NB","NB","LDAS",0.1,"scad",68
"RMS","RMS","LDAS",0.1,"scad",60
"RMS","RMS","LDAS",0.1,"scad",45
"EWS","EWS","LDAS",0.1,"scad",4
"EWS","EWS","LDAS",0.1,"scad",89
"EWS","EWS","LDAS",0.1,"scad",13
"NB","NB","LDAS",0.1,"scad",72
"BL-NHL","BL-NHL","LDAS",0.1,"adpt",28
"RMS","RMS","LDAS",0.1,"adpt",57
"NB","RMS","LDAS",0.1,"adpt",68
"RMS","EWS","LDAS",0.1,"adpt",60
"RMS","RMS","LDAS",0.1,"adpt",45
"EWS","EWS","LDAS",0.1,"adpt",4
"EWS","EWS","LDAS",0.1,"adpt",89
"EWS","RMS","LDAS",0.1,"adpt",13
"NB","RMS","LDAS",0.1,"adpt",72
"BL-NHL","BL-NHL","LDAS",0.05,"hard",28
"RMS","RMS","LDAS",0.05,"hard",57
"NB","EWS","LDAS",0.05,"hard",68
"RMS","RMS","LDAS",0.05,"hard",60
"RMS","EWS","LDAS",0.05,"hard",45
"EWS","EWS","LDAS",0.05,"hard",4
"EWS","EWS","LDAS",0.05,"hard",89
"EWS","EWS","LDAS",0.05,"hard",13
"NB","NB","LDAS",0.05,"hard",72
"BL-NHL","BL-NHL","LDAS",0.05,"soft",28
"RMS","EWS","LDAS",0.05,"soft",57
"NB","NB","LDAS",0.05,"soft",68
"RMS","RMS","LDAS",0.05,"soft",60
"RMS","RMS","LDAS",0.05,"soft",45
"EWS","EWS","LDAS",0.05,"soft",4
"EWS","EWS","LDAS",0.05,"soft",89
"EWS","EWS","LDAS",0.05,"soft",13
"NB","NB","LDAS",0.05,"soft",72
"BL-NHL","RMS","LDAS",0.05,"scad",28
"RMS","BL-NHL","LDAS",0.05,"scad",57
"NB","NB","LDAS",0.05,"scad",68
"RMS","EWS","LDAS",0.05,"scad",60
"RMS","RMS","LDAS",0.05,"scad",45
"EWS","EWS","LDAS",0.05,"scad",4
"EWS","RMS","LDAS",0.05,"scad",89
"EWS","RMS","LDAS",0.05,"scad",13
"NB","NB","LDAS",0.05,"scad",72
"BL-NHL","BL-NHL","LDAS",0.05,"adpt",28
"RMS","RMS","LDAS",0.05,"adpt",57
"NB","NB","LDAS",0.05,"adpt",68
"RMS","RMS","LDAS",0.05,"adpt",60
"RMS","RMS","LDAS",0.05,"adpt",45
"EWS","RMS","LDAS",0.05,"adpt",4
"EWS","EWS","LDAS",0.05,"adpt",89
"EWS","EWS","LDAS",0.05,"adpt",13
"NB","NB","LDAS",0.05,"adpt",72
"BL-NHL","BL-NHL","LDAS",0.01,"hard",28
"RMS","RMS","LDAS",0.01,"hard",57
"NB","NB","LDAS",0.01,"hard",68
"RMS","RMS","LDAS",0.01,"hard",60
"RMS","RMS","LDAS",0.01,"hard",45
"EWS","EWS","LDAS",0.01,"hard",4
"EWS","EWS","LDAS",0.01,"hard",89
"EWS","EWS","LDAS",0.01,"hard",13
"NB","EWS","LDAS",0.01,"hard",72
"BL-NHL","RMS","LDAS",0.01,"soft",28
"RMS","RMS","LDAS",0.01,"soft",57
"NB","NB","LDAS",0.01,"soft",68
"RMS","RMS","LDAS",0.01,"soft",60
"RMS","RMS","LDAS",0.01,"soft",45
"EWS","EWS","LDAS",0.01,"soft",4
"EWS","RMS","LDAS",0.01,"soft",89
"EWS","EWS","LDAS",0.01,"soft",13
"NB","RMS","LDAS",0.01,"soft",72
"BL-NHL","BL-NHL","LDAS",0.01,"scad",28
"RMS","RMS","LDAS",0.01,"scad",57
"NB","NB","LDAS",0.01,"scad",68
"RMS","EWS","LDAS",0.01,"scad",60
"RMS","RMS","LDAS",0.01,"scad",45
"EWS","EWS","LDAS",0.01,"scad",4
"EWS","EWS","LDAS",0.01,"scad",89
"EWS","EWS","LDAS",0.01,"scad",13
"NB","EWS","LDAS",0.01,"scad",72
"BL-NHL","EWS","LDAS",0.01,"adpt",28
"RMS","RMS","LDAS",0.01,"adpt",57
"NB","NB","LDAS",0.01,"adpt",68
"RMS","RMS","LDAS",0.01,"adpt",60
"RMS","RMS","LDAS",0.01,"adpt",45
"EWS","EWS","LDAS",0.01,"adpt",4
"EWS","NB","LDAS",0.01,"adpt",89
"EWS","EWS","LDAS",0.01,"adpt",13
"NB","EWS","LDAS",0.01,"adpt",72
"BL-NHL","BL-NHL","LDAS",0.001,"hard",28
"RMS","NB","LDAS",0.001,"hard",57
"NB","NB","LDAS",0.001,"hard",68
"RMS","RMS","LDAS",0.001,"hard",60
"RMS","RMS","LDAS",0.001,"hard",45
"EWS","EWS","LDAS",0.001,"hard",4
"EWS","EWS","LDAS",0.001,"hard",89
"EWS","EWS","LDAS",0.001,"hard",13
"NB","EWS","LDAS",0.001,"hard",72
"BL-NHL","BL-NHL","LDAS",0.001,"soft",28
"RMS","RMS","LDAS",0.001,"soft",57
"NB","NB","LDAS",0.001,"soft",68
"RMS","RMS","LDAS",0.001,"soft",60
"RMS","RMS","LDAS",0.001,"soft",45
"EWS","EWS","LDAS",0.001,"soft",4
"EWS","EWS","LDAS",0.001,"soft",89
"EWS","EWS","LDAS",0.001,"soft",13
"NB","RMS","LDAS",0.001,"soft",72
"BL-NHL","BL-NHL","LDAS",0.001,"scad",28
"RMS","RMS","LDAS",0.001,"scad",57
"NB","NB","LDAS",0.001,"scad",68
"RMS","RMS","LDAS",0.001,"scad",60
"RMS","RMS","LDAS",0.001,"scad",45
"EWS","EWS","LDAS",0.001,"scad",4
"EWS","EWS","LDAS",0.001,"scad",89
"EWS","EWS","LDAS",0.001,"scad",13
"NB","EWS","LDAS",0.001,"scad",72
"BL-NHL","BL-NHL","LDAS",0.001,"adpt",28
"RMS","RMS","LDAS",0.001,"adpt",57
"NB","NB","LDAS",0.001,"adpt",68
"RMS","RMS","LDAS",0.001,"adpt",60
"RMS","RMS","LDAS",0.001,"adpt",45
"EWS","EWS","LDAS",0.001,"adpt",4
"EWS","EWS","LDAS",0.001,"adpt",89
"EWS","EWS","LDAS",0.001,"adpt",13
"NB","NB","LDAS",0.001,"adpt",72
"BL-NHL","BL-NHL","LDA",NA,NA,28
"RMS","Normal","LDA",NA,NA,57
"NB","RMS","LDA",NA,NA,68
"RMS","EWS","LDA",NA,NA,60
"RMS","EWS","LDA",NA,NA,45
"EWS","Normal","LDA",NA,NA,4
"EWS","EWS","LDA",NA,NA,89
"EWS","Normal","LDA",NA,NA,13
"NB","NB","LDA",NA,NA,72
"BL-NHL","BL-NHL","SVM",NA,NA,28
"RMS","RMS","SVM",NA,NA,57
"NB","NB","SVM",NA,NA,68
"RMS","RMS","SVM",NA,NA,60
"RMS","RMS","SVM",NA,NA,45
"EWS","EWS","SVM",NA,NA,4
"EWS","EWS","SVM",NA,NA,89
"EWS","EWS","SVM",NA,NA,13
"NB","RMS","SVM",NA,NA,72
"BL-NHL","BL-NHL","NB",NA,NA,28
"RMS","RMS","NB",NA,NA,57
"NB","NB","NB",NA,NA,68
"RMS","RMS","NB",NA,NA,60
"RMS","RMS","NB",NA,NA,45
"EWS","RMS","NB",NA,NA,4
"EWS","EWS","NB",NA,NA,89
"EWS","EWS","NB",NA,NA,13
"NB","NB","NB",NA,NA,72
"BL-NHL","BL-NHL","RDA",NA,NA,28
"RMS","RMS","RDA",NA,NA,57
"NB","NB","RDA",NA,NA,68
"RMS","RMS","RDA",NA,NA,60
"RMS","RMS","RDA",NA,NA,45
"EWS","EWS","RDA",NA,NA,4
"EWS","EWS","RDA",NA,NA,89
"EWS","EWS","RDA",NA,NA,13
"NB","NB","RDA",NA,NA,72
"BL-NHL","BL-NHL","PenalizedLDA",NA,NA,28
"RMS","RMS","PenalizedLDA",NA,NA,57
"NB","NB","PenalizedLDA",NA,NA,68
"RMS","RMS","PenalizedLDA",NA,NA,60
"RMS","RMS","PenalizedLDA",NA,NA,45
"EWS","EWS","PenalizedLDA",NA,NA,4
"EWS","EWS","PenalizedLDA",NA,NA,89
"EWS","EWS","PenalizedLDA",NA,NA,13
"NB","NB","PenalizedLDA",NA,NA,72
"BL-NHL","BL-NHL","HDDA",NA,NA,28
"RMS","RMS","HDDA",NA,NA,57
"NB","NB","HDDA",NA,NA,68
"RMS","RMS","HDDA",NA,NA,60
"RMS","RMS","HDDA",NA,NA,45
"EWS","EWS","HDDA",NA,NA,4
"EWS","EWS","HDDA",NA,NA,89
"EWS","EWS","HDDA",NA,NA,13
"NB","EWS","HDDA",NA,NA,72
"BL-NHL","EWS","LDAS",0.1,"hard",24
"BL-NHL","EWS","LDAS",0.1,"hard",88
"Normal","EWS","LDAS",0.1,"hard",71
"NB","EWS","LDAS",0.1,"hard",37
"EWS","EWS","LDAS",0.1,"hard",9
"RMS","EWS","LDAS",0.1,"hard",55
"NB","EWS","LDAS",0.1,"hard",36
"NB","RMS","LDAS",0.1,"hard",43
"RMS","RMS","LDAS",0.1,"hard",64
"BL-NHL","RMS","LDAS",0.1,"soft",24
"BL-NHL","RMS","LDAS",0.1,"soft",88
"Normal","EWS","LDAS",0.1,"soft",71
"NB","NB","LDAS",0.1,"soft",37
"EWS","EWS","LDAS",0.1,"soft",9
"RMS","RMS","LDAS",0.1,"soft",55
"NB","NB","LDAS",0.1,"soft",36
"NB","RMS","LDAS",0.1,"soft",43
"RMS","RMS","LDAS",0.1,"soft",64
"BL-NHL","RMS","LDAS",0.1,"scad",24
"BL-NHL","RMS","LDAS",0.1,"scad",88
"Normal","EWS","LDAS",0.1,"scad",71
"NB","NB","LDAS",0.1,"scad",37
"EWS","EWS","LDAS",0.1,"scad",9
"RMS","RMS","LDAS",0.1,"scad",55
"NB","NB","LDAS",0.1,"scad",36
"NB","NB","LDAS",0.1,"scad",43
"RMS","EWS","LDAS",0.1,"scad",64
"BL-NHL","EWS","LDAS",0.1,"adpt",24
"BL-NHL","BL-NHL","LDAS",0.1,"adpt",88
"Normal","EWS","LDAS",0.1,"adpt",71
"NB","NB","LDAS",0.1,"adpt",37
"EWS","EWS","LDAS",0.1,"adpt",9
"RMS","RMS","LDAS",0.1,"adpt",55
"NB","NB","LDAS",0.1,"adpt",36
"NB","NB","LDAS",0.1,"adpt",43
"RMS","EWS","LDAS",0.1,"adpt",64
"BL-NHL","RMS","LDAS",0.05,"hard",24
"BL-NHL","EWS","LDAS",0.05,"hard",88
"Normal","EWS","LDAS",0.05,"hard",71
"NB","NB","LDAS",0.05,"hard",37
"EWS","EWS","LDAS",0.05,"hard",9
"RMS","RMS","LDAS",0.05,"hard",55
"NB","NB","LDAS",0.05,"hard",36
"NB","NB","LDAS",0.05,"hard",43
"RMS","EWS","LDAS",0.05,"hard",64
"BL-NHL","EWS","LDAS",0.05,"soft",24
"BL-NHL","EWS","LDAS",0.05,"soft",88
"Normal","EWS","LDAS",0.05,"soft",71
"NB","NB","LDAS",0.05,"soft",37
"EWS","EWS","LDAS",0.05,"soft",9
"RMS","RMS","LDAS",0.05,"soft",55
"NB","RMS","LDAS",0.05,"soft",36
"NB","EWS","LDAS",0.05,"soft",43
"RMS","RMS","LDAS",0.05,"soft",64
"BL-NHL","BL-NHL","LDAS",0.05,"scad",24
"BL-NHL","EWS","LDAS",0.05,"scad",88
"Normal","NB","LDAS",0.05,"scad",71
"NB","NB","LDAS",0.05,"scad",37
"EWS","EWS","LDAS",0.05,"scad",9
"RMS","RMS","LDAS",0.05,"scad",55
"NB","NB","LDAS",0.05,"scad",36
"NB","EWS","LDAS",0.05,"scad",43
"RMS","RMS","LDAS",0.05,"scad",64
"BL-NHL","EWS","LDAS",0.05,"adpt",24
"BL-NHL","RMS","LDAS",0.05,"adpt",88
"Normal","EWS","LDAS",0.05,"adpt",71
"NB","RMS","LDAS",0.05,"adpt",37
"EWS","EWS","LDAS",0.05,"adpt",9
"RMS","RMS","LDAS",0.05,"adpt",55
"NB","EWS","LDAS",0.05,"adpt",36
"NB","RMS","LDAS",0.05,"adpt",43
"RMS","RMS","LDAS",0.05,"adpt",64
"BL-NHL","BL-NHL","LDAS",0.01,"hard",24
"BL-NHL","BL-NHL","LDAS",0.01,"hard",88
"Normal","EWS","LDAS",0.01,"hard",71
"NB","EWS","LDAS",0.01,"hard",37
"EWS","EWS","LDAS",0.01,"hard",9
"RMS","RMS","LDAS",0.01,"hard",55
"NB","NB","LDAS",0.01,"hard",36
"NB","NB","LDAS",0.01,"hard",43
"RMS","RMS","LDAS",0.01,"hard",64
"BL-NHL","BL-NHL","LDAS",0.01,"soft",24
"BL-NHL","BL-NHL","LDAS",0.01,"soft",88
"Normal","EWS","LDAS",0.01,"soft",71
"NB","RMS","LDAS",0.01,"soft",37
"EWS","EWS","LDAS",0.01,"soft",9
"RMS","RMS","LDAS",0.01,"soft",55
"NB","NB","LDAS",0.01,"soft",36
"NB","NB","LDAS",0.01,"soft",43
"RMS","RMS","LDAS",0.01,"soft",64
"BL-NHL","BL-NHL","LDAS",0.01,"scad",24
"BL-NHL","BL-NHL","LDAS",0.01,"scad",88
"Normal","RMS","LDAS",0.01,"scad",71
"NB","NB","LDAS",0.01,"scad",37
"EWS","EWS","LDAS",0.01,"scad",9
"RMS","RMS","LDAS",0.01,"scad",55
"NB","EWS","LDAS",0.01,"scad",36
"NB","NB","LDAS",0.01,"scad",43
"RMS","EWS","LDAS",0.01,"scad",64
"BL-NHL","BL-NHL","LDAS",0.01,"adpt",24
"BL-NHL","BL-NHL","LDAS",0.01,"adpt",88
"Normal","RMS","LDAS",0.01,"adpt",71
"NB","RMS","LDAS",0.01,"adpt",37
"EWS","EWS","LDAS",0.01,"adpt",9
"RMS","RMS","LDAS",0.01,"adpt",55
"NB","NB","LDAS",0.01,"adpt",36
"NB","EWS","LDAS",0.01,"adpt",43
"RMS","EWS","LDAS",0.01,"adpt",64
"BL-NHL","EWS","LDAS",0.001,"hard",24
"BL-NHL","BL-NHL","LDAS",0.001,"hard",88
"Normal","EWS","LDAS",0.001,"hard",71
"NB","NB","LDAS",0.001,"hard",37
"EWS","EWS","LDAS",0.001,"hard",9
"RMS","RMS","LDAS",0.001,"hard",55
"NB","NB","LDAS",0.001,"hard",36
"NB","NB","LDAS",0.001,"hard",43
"RMS","RMS","LDAS",0.001,"hard",64
"BL-NHL","EWS","LDAS",0.001,"soft",24
"BL-NHL","BL-NHL","LDAS",0.001,"soft",88
"Normal","EWS","LDAS",0.001,"soft",71
"NB","EWS","LDAS",0.001,"soft",37
"EWS","EWS","LDAS",0.001,"soft",9
"RMS","RMS","LDAS",0.001,"soft",55
"NB","NB","LDAS",0.001,"soft",36
"NB","NB","LDAS",0.001,"soft",43
"RMS","RMS","LDAS",0.001,"soft",64
"BL-NHL","BL-NHL","LDAS",0.001,"scad",24
"BL-NHL","BL-NHL","LDAS",0.001,"scad",88
"Normal","EWS","LDAS",0.001,"scad",71
"NB","EWS","LDAS",0.001,"scad",37
"EWS","EWS","LDAS",0.001,"scad",9
"RMS","RMS","LDAS",0.001,"scad",55
"NB","NB","LDAS",0.001,"scad",36
"NB","NB","LDAS",0.001,"scad",43
"RMS","RMS","LDAS",0.001,"scad",64
"BL-NHL","BL-NHL","LDAS",0.001,"adpt",24
"BL-NHL","BL-NHL","LDAS",0.001,"adpt",88
"Normal","RMS","LDAS",0.001,"adpt",71
"NB","EWS","LDAS",0.001,"adpt",37
"EWS","EWS","LDAS",0.001,"adpt",9
"RMS","RMS","LDAS",0.001,"adpt",55
"NB","NB","LDAS",0.001,"adpt",36
"NB","NB","LDAS",0.001,"adpt",43
"RMS","RMS","LDAS",0.001,"adpt",64
"BL-NHL","Normal","LDA",NA,NA,24
"BL-NHL","BL-NHL","LDA",NA,NA,88
"Normal","EWS","LDA",NA,NA,71
"NB","NB","LDA",NA,NA,37
"EWS","EWS","LDA",NA,NA,9
"RMS","NB","LDA",NA,NA,55
"NB","NB","LDA",NA,NA,36
"NB","RMS","LDA",NA,NA,43
"RMS","RMS","LDA",NA,NA,64
"BL-NHL","BL-NHL","SVM",NA,NA,24
"BL-NHL","EWS","SVM",NA,NA,88
"Normal","EWS","SVM",NA,NA,71
"NB","NB","SVM",NA,NA,37
"EWS","EWS","SVM",NA,NA,9
"RMS","RMS","SVM",NA,NA,55
"NB","NB","SVM",NA,NA,36
"NB","NB","SVM",NA,NA,43
"RMS","RMS","SVM",NA,NA,64
"BL-NHL","BL-NHL","NB",NA,NA,24
"BL-NHL","BL-NHL","NB",NA,NA,88
"Normal","EWS","NB",NA,NA,71
"NB","NB","NB",NA,NA,37
"EWS","EWS","NB",NA,NA,9
"RMS","RMS","NB",NA,NA,55
"NB","NB","NB",NA,NA,36
"NB","NB","NB",NA,NA,43
"RMS","RMS","NB",NA,NA,64
"BL-NHL","BL-NHL","RDA",NA,NA,24
"BL-NHL","BL-NHL","RDA",NA,NA,88
"Normal","EWS","RDA",NA,NA,71
"NB","NB","RDA",NA,NA,37
"EWS","EWS","RDA",NA,NA,9
"RMS","RMS","RDA",NA,NA,55
"NB","NB","RDA",NA,NA,36
"NB","NB","RDA",NA,NA,43
"RMS","RMS","RDA",NA,NA,64
"BL-NHL","BL-NHL","PenalizedLDA",NA,NA,24
"BL-NHL","BL-NHL","PenalizedLDA",NA,NA,88
"Normal","EWS","PenalizedLDA",NA,NA,71
"NB","NB","PenalizedLDA",NA,NA,37
"EWS","EWS","PenalizedLDA",NA,NA,9
"RMS","RMS","PenalizedLDA",NA,NA,55
"NB","NB","PenalizedLDA",NA,NA,36
"NB","NB","PenalizedLDA",NA,NA,43
"RMS","RMS","PenalizedLDA",NA,NA,64
"BL-NHL","EWS","HDDA",NA,NA,24
"BL-NHL","EWS","HDDA",NA,NA,88
"Normal","EWS","HDDA",NA,NA,71
"NB","NB","HDDA",NA,NA,37
"EWS","EWS","HDDA",NA,NA,9
"RMS","RMS","HDDA",NA,NA,55
"NB","NB","HDDA",NA,NA,36
"NB","NB","HDDA",NA,NA,43
"RMS","EWS","HDDA",NA,NA,64
"EWS","EWS","LDAS",0.1,"hard",78
"EWS","EWS","LDAS",0.1,"hard",17
"NB","NB","LDAS",0.1,"hard",35
"RMS","RMS","LDAS",0.1,"hard",61
"BL-NHL","EWS","LDAS",0.1,"hard",75
"EWS","EWS","LDAS",0.1,"hard",23
"RMS","RMS","LDAS",0.1,"hard",58
"EWS","EWS","LDAS",0.1,"hard",21
"EWS","EWS","LDAS",0.1,"hard",22
"EWS","EWS","LDAS",0.1,"soft",78
"EWS","EWS","LDAS",0.1,"soft",17
"NB","NB","LDAS",0.1,"soft",35
"RMS","RMS","LDAS",0.1,"soft",61
"BL-NHL","BL-NHL","LDAS",0.1,"soft",75
"EWS","EWS","LDAS",0.1,"soft",23
"RMS","RMS","LDAS",0.1,"soft",58
"EWS","EWS","LDAS",0.1,"soft",21
"EWS","EWS","LDAS",0.1,"soft",22
"EWS","EWS","LDAS",0.1,"scad",78
"EWS","EWS","LDAS",0.1,"scad",17
"NB","NB","LDAS",0.1,"scad",35
"RMS","EWS","LDAS",0.1,"scad",61
"BL-NHL","BL-NHL","LDAS",0.1,"scad",75
"EWS","EWS","LDAS",0.1,"scad",23
"RMS","EWS","LDAS",0.1,"scad",58
"EWS","EWS","LDAS",0.1,"scad",21
"EWS","EWS","LDAS",0.1,"scad",22
"EWS","EWS","LDAS",0.1,"adpt",78
"EWS","EWS","LDAS",0.1,"adpt",17
"NB","NB","LDAS",0.1,"adpt",35
"RMS","EWS","LDAS",0.1,"adpt",61
"BL-NHL","BL-NHL","LDAS",0.1,"adpt",75
"EWS","RMS","LDAS",0.1,"adpt",23
"RMS","RMS","LDAS",0.1,"adpt",58
"EWS","EWS","LDAS",0.1,"adpt",21
"EWS","EWS","LDAS",0.1,"adpt",22
"EWS","EWS","LDAS",0.05,"hard",78
"EWS","EWS","LDAS",0.05,"hard",17
"NB","NB","LDAS",0.05,"hard",35
"RMS","EWS","LDAS",0.05,"hard",61
"BL-NHL","BL-NHL","LDAS",0.05,"hard",75
"EWS","EWS","LDAS",0.05,"hard",23
"RMS","RMS","LDAS",0.05,"hard",58
"EWS","EWS","LDAS",0.05,"hard",21
"EWS","EWS","LDAS",0.05,"hard",22
"EWS","EWS","LDAS",0.05,"soft",78
"EWS","EWS","LDAS",0.05,"soft",17
"NB","NB","LDAS",0.05,"soft",35
"RMS","EWS","LDAS",0.05,"soft",61
"BL-NHL","BL-NHL","LDAS",0.05,"soft",75
"EWS","RMS","LDAS",0.05,"soft",23
"RMS","RMS","LDAS",0.05,"soft",58
"EWS","EWS","LDAS",0.05,"soft",21
"EWS","EWS","LDAS",0.05,"soft",22
"EWS","EWS","LDAS",0.05,"scad",78
"EWS","RMS","LDAS",0.05,"scad",17
"NB","NB","LDAS",0.05,"scad",35
"RMS","EWS","LDAS",0.05,"scad",61
"BL-NHL","BL-NHL","LDAS",0.05,"scad",75
"EWS","EWS","LDAS",0.05,"scad",23
"RMS","RMS","LDAS",0.05,"scad",58
"EWS","RMS","LDAS",0.05,"scad",21
"EWS","EWS","LDAS",0.05,"scad",22
"EWS","EWS","LDAS",0.05,"adpt",78
"EWS","RMS","LDAS",0.05,"adpt",17
"NB","NB","LDAS",0.05,"adpt",35
"RMS","EWS","LDAS",0.05,"adpt",61
"BL-NHL","BL-NHL","LDAS",0.05,"adpt",75
"EWS","EWS","LDAS",0.05,"adpt",23
"RMS","RMS","LDAS",0.05,"adpt",58
"EWS","EWS","LDAS",0.05,"adpt",21
"EWS","EWS","LDAS",0.05,"adpt",22
"EWS","EWS","LDAS",0.01,"hard",78
"EWS","EWS","LDAS",0.01,"hard",17
"NB","NB","LDAS",0.01,"hard",35
"RMS","RMS","LDAS",0.01,"hard",61
"BL-NHL","RMS","LDAS",0.01,"hard",75
"EWS","EWS","LDAS",0.01,"hard",23
"RMS","EWS","LDAS",0.01,"hard",58
"EWS","EWS","LDAS",0.01,"hard",21
"EWS","EWS","LDAS",0.01,"hard",22
"EWS","EWS","LDAS",0.01,"soft",78
"EWS","RMS","LDAS",0.01,"soft",17
"NB","NB","LDAS",0.01,"soft",35
"RMS","EWS","LDAS",0.01,"soft",61
"BL-NHL","BL-NHL","LDAS",0.01,"soft",75
"EWS","EWS","LDAS",0.01,"soft",23
"RMS","EWS","LDAS",0.01,"soft",58
"EWS","EWS","LDAS",0.01,"soft",21
"EWS","EWS","LDAS",0.01,"soft",22
"EWS","EWS","LDAS",0.01,"scad",78
"EWS","EWS","LDAS",0.01,"scad",17
"NB","NB","LDAS",0.01,"scad",35
"RMS","EWS","LDAS",0.01,"scad",61
"BL-NHL","BL-NHL","LDAS",0.01,"scad",75
"EWS","NB","LDAS",0.01,"scad",23
"RMS","EWS","LDAS",0.01,"scad",58
"EWS","EWS","LDAS",0.01,"scad",21
"EWS","EWS","LDAS",0.01,"scad",22
"EWS","EWS","LDAS",0.01,"adpt",78
"EWS","RMS","LDAS",0.01,"adpt",17
"NB","NB","LDAS",0.01,"adpt",35
"RMS","EWS","LDAS",0.01,"adpt",61
"BL-NHL","BL-NHL","LDAS",0.01,"adpt",75
"EWS","EWS","LDAS",0.01,"adpt",23
"RMS","RMS","LDAS",0.01,"adpt",58
"EWS","EWS","LDAS",0.01,"adpt",21
"EWS","EWS","LDAS",0.01,"adpt",22
"EWS","EWS","LDAS",0.001,"hard",78
"EWS","EWS","LDAS",0.001,"hard",17
"NB","NB","LDAS",0.001,"hard",35
"RMS","RMS","LDAS",0.001,"hard",61
"BL-NHL","EWS","LDAS",0.001,"hard",75
"EWS","EWS","LDAS",0.001,"hard",23
"RMS","RMS","LDAS",0.001,"hard",58
"EWS","EWS","LDAS",0.001,"hard",21
"EWS","EWS","LDAS",0.001,"hard",22
"EWS","EWS","LDAS",0.001,"soft",78
"EWS","EWS","LDAS",0.001,"soft",17
"NB","NB","LDAS",0.001,"soft",35
"RMS","RMS","LDAS",0.001,"soft",61
"BL-NHL","EWS","LDAS",0.001,"soft",75
"EWS","EWS","LDAS",0.001,"soft",23
"RMS","RMS","LDAS",0.001,"soft",58
"EWS","EWS","LDAS",0.001,"soft",21
"EWS","EWS","LDAS",0.001,"soft",22
"EWS","EWS","LDAS",0.001,"scad",78
"EWS","EWS","LDAS",0.001,"scad",17
"NB","EWS","LDAS",0.001,"scad",35
"RMS","RMS","LDAS",0.001,"scad",61
"BL-NHL","EWS","LDAS",0.001,"scad",75
"EWS","EWS","LDAS",0.001,"scad",23
"RMS","RMS","LDAS",0.001,"scad",58
"EWS","EWS","LDAS",0.001,"scad",21
"EWS","NB","LDAS",0.001,"scad",22
"EWS","EWS","LDAS",0.001,"adpt",78
"EWS","EWS","LDAS",0.001,"adpt",17
"NB","NB","LDAS",0.001,"adpt",35
"RMS","EWS","LDAS",0.001,"adpt",61
"BL-NHL","EWS","LDAS",0.001,"adpt",75
"EWS","EWS","LDAS",0.001,"adpt",23
"RMS","RMS","LDAS",0.001,"adpt",58
"EWS","EWS","LDAS",0.001,"adpt",21
"EWS","EWS","LDAS",0.001,"adpt",22
"EWS","EWS","LDA",NA,NA,78
"EWS","EWS","LDA",NA,NA,17
"NB","RMS","LDA",NA,NA,35
"RMS","EWS","LDA",NA,NA,61
"BL-NHL","Normal","LDA",NA,NA,75
"EWS","Normal","LDA",NA,NA,23
"RMS","BL-NHL","LDA",NA,NA,58
"EWS","RMS","LDA",NA,NA,21
"EWS","EWS","LDA",NA,NA,22
"EWS","EWS","SVM",NA,NA,78
"EWS","RMS","SVM",NA,NA,17
"NB","NB","SVM",NA,NA,35
"RMS","RMS","SVM",NA,NA,61
"BL-NHL","EWS","SVM",NA,NA,75
"EWS","EWS","SVM",NA,NA,23
"RMS","RMS","SVM",NA,NA,58
"EWS","EWS","SVM",NA,NA,21
"EWS","EWS","SVM",NA,NA,22
"EWS","EWS","NB",NA,NA,78
"EWS","RMS","NB",NA,NA,17
"NB","NB","NB",NA,NA,35
"RMS","EWS","NB",NA,NA,61
"BL-NHL","BL-NHL","NB",NA,NA,75
"EWS","EWS","NB",NA,NA,23
"RMS","RMS","NB",NA,NA,58
"EWS","EWS","NB",NA,NA,21
"EWS","EWS","NB",NA,NA,22
"EWS","EWS","RDA",NA,NA,78
"EWS","EWS","RDA",NA,NA,17
"NB","NB","RDA",NA,NA,35
"RMS","RMS","RDA",NA,NA,61
"BL-NHL","BL-NHL","RDA",NA,NA,75
"EWS","NB","RDA",NA,NA,23
"RMS","RMS","RDA",NA,NA,58
"EWS","NB","RDA",NA,NA,21
"EWS","NB","RDA",NA,NA,22
"EWS","EWS","PenalizedLDA",NA,NA,78
"EWS","EWS","PenalizedLDA",NA,NA,17
"NB","NB","PenalizedLDA",NA,NA,35
"RMS","RMS","PenalizedLDA",NA,NA,61
"BL-NHL","BL-NHL","PenalizedLDA",NA,NA,75
"EWS","EWS","PenalizedLDA",NA,NA,23
"RMS","RMS","PenalizedLDA",NA,NA,58
"EWS","EWS","PenalizedLDA",NA,NA,21
"EWS","EWS","PenalizedLDA",NA,NA,22
"EWS","EWS","HDDA",NA,NA,78
"EWS","EWS","HDDA",NA,NA,17
"NB","NB","HDDA",NA,NA,35
"RMS","EWS","HDDA",NA,NA,61
"BL-NHL","EWS","HDDA",NA,NA,75
"EWS","EWS","HDDA",NA,NA,23
"RMS","RMS","HDDA",NA,NA,58
"EWS","EWS","HDDA",NA,NA,21
"EWS","EWS","HDDA",NA,NA,22
"BL-NHL","EWS","LDAS",0.1,"hard",82
"EWS","EWS","LDAS",0.1,"hard",14
"RMS","RMS","LDAS",0.1,"hard",49
"EWS","EWS","LDAS",0.1,"hard",73
"NB","NB","LDAS",0.1,"hard",41
"EWS","RMS","LDAS",0.1,"hard",80
"RMS","RMS","LDAS",0.1,"hard",50
"NB","NB","LDAS",0.1,"hard",33
"BL-NHL","RMS","LDAS",0.1,"hard",25
"BL-NHL","BL-NHL","LDAS",0.1,"soft",82
"EWS","EWS","LDAS",0.1,"soft",14
"RMS","RMS","LDAS",0.1,"soft",49
"EWS","EWS","LDAS",0.1,"soft",73
"NB","NB","LDAS",0.1,"soft",41
"EWS","EWS","LDAS",0.1,"soft",80
"RMS","RMS","LDAS",0.1,"soft",50
"NB","NB","LDAS",0.1,"soft",33
"BL-NHL","BL-NHL","LDAS",0.1,"soft",25
"BL-NHL","RMS","LDAS",0.1,"scad",82
"EWS","EWS","LDAS",0.1,"scad",14
"RMS","EWS","LDAS",0.1,"scad",49
"EWS","RMS","LDAS",0.1,"scad",73
"NB","NB","LDAS",0.1,"scad",41
"EWS","NB","LDAS",0.1,"scad",80
"RMS","EWS","LDAS",0.1,"scad",50
"NB","NB","LDAS",0.1,"scad",33
"BL-NHL","EWS","LDAS",0.1,"scad",25
"BL-NHL","BL-NHL","LDAS",0.1,"adpt",82
"EWS","EWS","LDAS",0.1,"adpt",14
"RMS","EWS","LDAS",0.1,"adpt",49
"EWS","RMS","LDAS",0.1,"adpt",73
"NB","NB","LDAS",0.1,"adpt",41
"EWS","EWS","LDAS",0.1,"adpt",80
"RMS","RMS","LDAS",0.1,"adpt",50
"NB","RMS","LDAS",0.1,"adpt",33
"BL-NHL","EWS","LDAS",0.1,"adpt",25
"BL-NHL","BL-NHL","LDAS",0.05,"hard",82
"EWS","EWS","LDAS",0.05,"hard",14
"RMS","RMS","LDAS",0.05,"hard",49
"EWS","EWS","LDAS",0.05,"hard",73
"NB","NB","LDAS",0.05,"hard",41
"EWS","EWS","LDAS",0.05,"hard",80
"RMS","RMS","LDAS",0.05,"hard",50
"NB","RMS","LDAS",0.05,"hard",33
"BL-NHL","BL-NHL","LDAS",0.05,"hard",25
"BL-NHL","BL-NHL","LDAS",0.05,"soft",82
"EWS","EWS","LDAS",0.05,"soft",14
"RMS","RMS","LDAS",0.05,"soft",49
"EWS","EWS","LDAS",0.05,"soft",73
"NB","NB","LDAS",0.05,"soft",41
"EWS","RMS","LDAS",0.05,"soft",80
"RMS","RMS","LDAS",0.05,"soft",50
"NB","EWS","LDAS",0.05,"soft",33
"BL-NHL","EWS","LDAS",0.05,"soft",25
"BL-NHL","BL-NHL","LDAS",0.05,"scad",82
"EWS","EWS","LDAS",0.05,"scad",14
"RMS","RMS","LDAS",0.05,"scad",49
"EWS","EWS","LDAS",0.05,"scad",73
"NB","NB","LDAS",0.05,"scad",41
"EWS","EWS","LDAS",0.05,"scad",80
"RMS","RMS","LDAS",0.05,"scad",50
"NB","NB","LDAS",0.05,"scad",33
"BL-NHL","BL-NHL","LDAS",0.05,"scad",25
"BL-NHL","BL-NHL","LDAS",0.05,"adpt",82
"EWS","EWS","LDAS",0.05,"adpt",14
"RMS","RMS","LDAS",0.05,"adpt",49
"EWS","RMS","LDAS",0.05,"adpt",73
"NB","NB","LDAS",0.05,"adpt",41
"EWS","RMS","LDAS",0.05,"adpt",80
"RMS","RMS","LDAS",0.05,"adpt",50
"NB","NB","LDAS",0.05,"adpt",33
"BL-NHL","EWS","LDAS",0.05,"adpt",25
"BL-NHL","BL-NHL","LDAS",0.01,"hard",82
"EWS","EWS","LDAS",0.01,"hard",14
"RMS","RMS","LDAS",0.01,"hard",49
"EWS","EWS","LDAS",0.01,"hard",73
"NB","NB","LDAS",0.01,"hard",41
"EWS","EWS","LDAS",0.01,"hard",80
"RMS","RMS","LDAS",0.01,"hard",50
"NB","RMS","LDAS",0.01,"hard",33
"BL-NHL","BL-NHL","LDAS",0.01,"hard",25
"BL-NHL","EWS","LDAS",0.01,"soft",82
"EWS","EWS","LDAS",0.01,"soft",14
"RMS","RMS","LDAS",0.01,"soft",49
"EWS","RMS","LDAS",0.01,"soft",73
"NB","NB","LDAS",0.01,"soft",41
"EWS","EWS","LDAS",0.01,"soft",80
"RMS","RMS","LDAS",0.01,"soft",50
"NB","NB","LDAS",0.01,"soft",33
"BL-NHL","EWS","LDAS",0.01,"soft",25
"BL-NHL","RMS","LDAS",0.01,"scad",82
"EWS","EWS","LDAS",0.01,"scad",14
"RMS","RMS","LDAS",0.01,"scad",49
"EWS","RMS","LDAS",0.01,"scad",73
"NB","NB","LDAS",0.01,"scad",41
"EWS","EWS","LDAS",0.01,"scad",80
"RMS","RMS","LDAS",0.01,"scad",50
"NB","NB","LDAS",0.01,"scad",33
"BL-NHL","EWS","LDAS",0.01,"scad",25
"BL-NHL","EWS","LDAS",0.01,"adpt",82
"EWS","EWS","LDAS",0.01,"adpt",14
"RMS","EWS","LDAS",0.01,"adpt",49
"EWS","RMS","LDAS",0.01,"adpt",73
"NB","NB","LDAS",0.01,"adpt",41
"EWS","EWS","LDAS",0.01,"adpt",80
"RMS","RMS","LDAS",0.01,"adpt",50
"NB","NB","LDAS",0.01,"adpt",33
"BL-NHL","BL-NHL","LDAS",0.01,"adpt",25
"BL-NHL","BL-NHL","LDAS",0.001,"hard",82
"EWS","EWS","LDAS",0.001,"hard",14
"RMS","RMS","LDAS",0.001,"hard",49
"EWS","EWS","LDAS",0.001,"hard",73
"NB","NB","LDAS",0.001,"hard",41
"EWS","EWS","LDAS",0.001,"hard",80
"RMS","RMS","LDAS",0.001,"hard",50
"NB","EWS","LDAS",0.001,"hard",33
"BL-NHL","BL-NHL","LDAS",0.001,"hard",25
"BL-NHL","BL-NHL","LDAS",0.001,"soft",82
"EWS","EWS","LDAS",0.001,"soft",14
"RMS","RMS","LDAS",0.001,"soft",49
"EWS","RMS","LDAS",0.001,"soft",73
"NB","NB","LDAS",0.001,"soft",41
"EWS","RMS","LDAS",0.001,"soft",80
"RMS","RMS","LDAS",0.001,"soft",50
"NB","NB","LDAS",0.001,"soft",33
"BL-NHL","BL-NHL","LDAS",0.001,"soft",25
"BL-NHL","EWS","LDAS",0.001,"scad",82
"EWS","EWS","LDAS",0.001,"scad",14
"RMS","RMS","LDAS",0.001,"scad",49
"EWS","EWS","LDAS",0.001,"scad",73
"NB","NB","LDAS",0.001,"scad",41
"EWS","EWS","LDAS",0.001,"scad",80
"RMS","RMS","LDAS",0.001,"scad",50
"NB","NB","LDAS",0.001,"scad",33
"BL-NHL","RMS","LDAS",0.001,"scad",25
"BL-NHL","NB","LDAS",0.001,"adpt",82
"EWS","NB","LDAS",0.001,"adpt",14
"RMS","RMS","LDAS",0.001,"adpt",49
"EWS","RMS","LDAS",0.001,"adpt",73
"NB","NB","LDAS",0.001,"adpt",41
"EWS","RMS","LDAS",0.001,"adpt",80
"RMS","RMS","LDAS",0.001,"adpt",50
"NB","NB","LDAS",0.001,"adpt",33
"BL-NHL","NB","LDAS",0.001,"adpt",25
"BL-NHL","BL-NHL","LDA",NA,NA,82
"EWS","EWS","LDA",NA,NA,14
"RMS","EWS","LDA",NA,NA,49
"EWS","Normal","LDA",NA,NA,73
"NB","RMS","LDA",NA,NA,41
"EWS","EWS","LDA",NA,NA,80
"RMS","RMS","LDA",NA,NA,50
"NB","EWS","LDA",NA,NA,33
"BL-NHL","BL-NHL","LDA",NA,NA,25
"BL-NHL","BL-NHL","SVM",NA,NA,82
"EWS","EWS","SVM",NA,NA,14
"RMS","RMS","SVM",NA,NA,49
"EWS","RMS","SVM",NA,NA,73
"NB","NB","SVM",NA,NA,41
"EWS","EWS","SVM",NA,NA,80
"RMS","RMS","SVM",NA,NA,50
"NB","NB","SVM",NA,NA,33
"BL-NHL","BL-NHL","SVM",NA,NA,25
"BL-NHL","BL-NHL","NB",NA,NA,82
"EWS","EWS","NB",NA,NA,14
"RMS","RMS","NB",NA,NA,49
"EWS","EWS","NB",NA,NA,73
"NB","NB","NB",NA,NA,41
"EWS","RMS","NB",NA,NA,80
"RMS","RMS","NB",NA,NA,50
"NB","NB","NB",NA,NA,33
"BL-NHL","BL-NHL","NB",NA,NA,25
"BL-NHL","BL-NHL","RDA",NA,NA,82
"EWS","EWS","RDA",NA,NA,14
"RMS","NB","RDA",NA,NA,49
"EWS","NB","RDA",NA,NA,73
"NB","NB","RDA",NA,NA,41
"EWS","EWS","RDA",NA,NA,80
"RMS","RMS","RDA",NA,NA,50
"NB","NB","RDA",NA,NA,33
"BL-NHL","BL-NHL","RDA",NA,NA,25
"BL-NHL","BL-NHL","PenalizedLDA",NA,NA,82
"EWS","EWS","PenalizedLDA",NA,NA,14
"RMS","RMS","PenalizedLDA",NA,NA,49
"EWS","EWS","PenalizedLDA",NA,NA,73
"NB","NB","PenalizedLDA",NA,NA,41
"EWS","EWS","PenalizedLDA",NA,NA,80
"RMS","RMS","PenalizedLDA",NA,NA,50
"NB","NB","PenalizedLDA",NA,NA,33
"BL-NHL","BL-NHL","PenalizedLDA",NA,NA,25
"BL-NHL","EWS","HDDA",NA,NA,82
"EWS","EWS","HDDA",NA,NA,14
"RMS","RMS","HDDA",NA,NA,49
"EWS","EWS","HDDA",NA,NA,73
"NB","NB","HDDA",NA,NA,41
"EWS","EWS","HDDA",NA,NA,80
"RMS","RMS","HDDA",NA,NA,50
"NB","NB","HDDA",NA,NA,33
"BL-NHL","BL-NHL","HDDA",NA,NA,25
"NB","NB","LDAS",0.1,"hard",34
"EWS","EWS","LDAS",0.1,"hard",19
"EWS","EWS","LDAS",0.1,"hard",5
"NB","RMS","LDAS",0.1,"hard",85
"NB","NB","LDAS",0.1,"hard",42
"NB","NB","LDAS",0.1,"hard",38
"EWS","EWS","LDAS",0.1,"hard",12
"EWS","EWS","LDAS",0.1,"hard",18
"NB","NB","LDAS",0.1,"soft",34
"EWS","EWS","LDAS",0.1,"soft",19
"EWS","EWS","LDAS",0.1,"soft",5
"NB","EWS","LDAS",0.1,"soft",85
"NB","NB","LDAS",0.1,"soft",42
"NB","NB","LDAS",0.1,"soft",38
"EWS","EWS","LDAS",0.1,"soft",12
"EWS","EWS","LDAS",0.1,"soft",18
"NB","NB","LDAS",0.1,"scad",34
"EWS","EWS","LDAS",0.1,"scad",19
"EWS","EWS","LDAS",0.1,"scad",5
"NB","NB","LDAS",0.1,"scad",85
"NB","NB","LDAS",0.1,"scad",42
"NB","NB","LDAS",0.1,"scad",38
"EWS","EWS","LDAS",0.1,"scad",12
"EWS","EWS","LDAS",0.1,"scad",18
"NB","NB","LDAS",0.1,"adpt",34
"EWS","EWS","LDAS",0.1,"adpt",19
"EWS","EWS","LDAS",0.1,"adpt",5
"NB","RMS","LDAS",0.1,"adpt",85
"NB","NB","LDAS",0.1,"adpt",42
"NB","NB","LDAS",0.1,"adpt",38
"EWS","EWS","LDAS",0.1,"adpt",12
"EWS","EWS","LDAS",0.1,"adpt",18
"NB","RMS","LDAS",0.05,"hard",34
"EWS","EWS","LDAS",0.05,"hard",19
"EWS","EWS","LDAS",0.05,"hard",5
"NB","NB","LDAS",0.05,"hard",85
"NB","NB","LDAS",0.05,"hard",42
"NB","NB","LDAS",0.05,"hard",38
"EWS","EWS","LDAS",0.05,"hard",12
"EWS","EWS","LDAS",0.05,"hard",18
"NB","NB","LDAS",0.05,"soft",34
"EWS","EWS","LDAS",0.05,"soft",19
"EWS","EWS","LDAS",0.05,"soft",5
"NB","NB","LDAS",0.05,"soft",85
"NB","NB","LDAS",0.05,"soft",42
"NB","NB","LDAS",0.05,"soft",38
"EWS","EWS","LDAS",0.05,"soft",12
"EWS","EWS","LDAS",0.05,"soft",18
"NB","RMS","LDAS",0.05,"scad",34
"EWS","EWS","LDAS",0.05,"scad",19
"EWS","EWS","LDAS",0.05,"scad",5
"NB","NB","LDAS",0.05,"scad",85
"NB","NB","LDAS",0.05,"scad",42
"NB","NB","LDAS",0.05,"scad",38
"EWS","EWS","LDAS",0.05,"scad",12
"EWS","EWS","LDAS",0.05,"scad",18
"NB","RMS","LDAS",0.05,"adpt",34
"EWS","EWS","LDAS",0.05,"adpt",19
"EWS","EWS","LDAS",0.05,"adpt",5
"NB","RMS","LDAS",0.05,"adpt",85
"NB","NB","LDAS",0.05,"adpt",42
"NB","NB","LDAS",0.05,"adpt",38
"EWS","EWS","LDAS",0.05,"adpt",12
"EWS","EWS","LDAS",0.05,"adpt",18
"NB","NB","LDAS",0.01,"hard",34
"EWS","EWS","LDAS",0.01,"hard",19
"EWS","EWS","LDAS",0.01,"hard",5
"NB","NB","LDAS",0.01,"hard",85
"NB","NB","LDAS",0.01,"hard",42
"NB","NB","LDAS",0.01,"hard",38
"EWS","EWS","LDAS",0.01,"hard",12
"EWS","EWS","LDAS",0.01,"hard",18
"NB","NB","LDAS",0.01,"soft",34
"EWS","EWS","LDAS",0.01,"soft",19
"EWS","EWS","LDAS",0.01,"soft",5
"NB","NB","LDAS",0.01,"soft",85
"NB","EWS","LDAS",0.01,"soft",42
"NB","NB","LDAS",0.01,"soft",38
"EWS","EWS","LDAS",0.01,"soft",12
"EWS","EWS","LDAS",0.01,"soft",18
"NB","RMS","LDAS",0.01,"scad",34
"EWS","EWS","LDAS",0.01,"scad",19
"EWS","EWS","LDAS",0.01,"scad",5
"NB","NB","LDAS",0.01,"scad",85
"NB","NB","LDAS",0.01,"scad",42
"NB","NB","LDAS",0.01,"scad",38
"EWS","EWS","LDAS",0.01,"scad",12
"EWS","EWS","LDAS",0.01,"scad",18
"NB","RMS","LDAS",0.01,"adpt",34
"EWS","EWS","LDAS",0.01,"adpt",19
"EWS","EWS","LDAS",0.01,"adpt",5
"NB","NB","LDAS",0.01,"adpt",85
"NB","NB","LDAS",0.01,"adpt",42
"NB","NB","LDAS",0.01,"adpt",38
"EWS","EWS","LDAS",0.01,"adpt",12
"EWS","EWS","LDAS",0.01,"adpt",18
"NB","NB","LDAS",0.001,"hard",34
"EWS","EWS","LDAS",0.001,"hard",19
"EWS","EWS","LDAS",0.001,"hard",5
"NB","NB","LDAS",0.001,"hard",85
"NB","NB","LDAS",0.001,"hard",42
"NB","NB","LDAS",0.001,"hard",38
"EWS","EWS","LDAS",0.001,"hard",12
"EWS","EWS","LDAS",0.001,"hard",18
"NB","NB","LDAS",0.001,"soft",34
"EWS","EWS","LDAS",0.001,"soft",19
"EWS","EWS","LDAS",0.001,"soft",5
"NB","NB","LDAS",0.001,"soft",85
"NB","NB","LDAS",0.001,"soft",42
"NB","NB","LDAS",0.001,"soft",38
"EWS","EWS","LDAS",0.001,"soft",12
"EWS","EWS","LDAS",0.001,"soft",18
"NB","NB","LDAS",0.001,"scad",34
"EWS","EWS","LDAS",0.001,"scad",19
"EWS","EWS","LDAS",0.001,"scad",5
"NB","NB","LDAS",0.001,"scad",85
"NB","NB","LDAS",0.001,"scad",42
"NB","NB","LDAS",0.001,"scad",38
"EWS","EWS","LDAS",0.001,"scad",12
"EWS","EWS","LDAS",0.001,"scad",18
"NB","NB","LDAS",0.001,"adpt",34
"EWS","EWS","LDAS",0.001,"adpt",19
"EWS","EWS","LDAS",0.001,"adpt",5
"NB","NB","LDAS",0.001,"adpt",85
"NB","NB","LDAS",0.001,"adpt",42
"NB","NB","LDAS",0.001,"adpt",38
"EWS","EWS","LDAS",0.001,"adpt",12
"EWS","EWS","LDAS",0.001,"adpt",18
"NB","Normal","LDA",NA,NA,34
"EWS","EWS","LDA",NA,NA,19
"EWS","EWS","LDA",NA,NA,5
"NB","RMS","LDA",NA,NA,85
"NB","EWS","LDA",NA,NA,42
"NB","NB","LDA",NA,NA,38
"EWS","Normal","LDA",NA,NA,12
"EWS","EWS","LDA",NA,NA,18
"NB","NB","SVM",NA,NA,34
"EWS","EWS","SVM",NA,NA,19
"EWS","EWS","SVM",NA,NA,5
"NB","NB","SVM",NA,NA,85
"NB","NB","SVM",NA,NA,42
"NB","NB","SVM",NA,NA,38
"EWS","EWS","SVM",NA,NA,12
"EWS","EWS","SVM",NA,NA,18
"NB","NB","NB",NA,NA,34
"EWS","EWS","NB",NA,NA,19
"EWS","EWS","NB",NA,NA,5
"NB","NB","NB",NA,NA,85
"NB","NB","NB",NA,NA,42
"NB","NB","NB",NA,NA,38
"EWS","EWS","NB",NA,NA,12
"EWS","EWS","NB",NA,NA,18
"NB","NB","RDA",NA,NA,34
"EWS","EWS","RDA",NA,NA,19
"EWS","EWS","RDA",NA,NA,5
"NB","NB","RDA",NA,NA,85
"NB","NB","RDA",NA,NA,42
"NB","NB","RDA",NA,NA,38
"EWS","EWS","RDA",NA,NA,12
"EWS","EWS","RDA",NA,NA,18
"NB","NB","PenalizedLDA",NA,NA,34
"EWS","EWS","PenalizedLDA",NA,NA,19
"EWS","EWS","PenalizedLDA",NA,NA,5
"NB","NB","PenalizedLDA",NA,NA,85
"NB","NB","PenalizedLDA",NA,NA,42
"NB","NB","PenalizedLDA",NA,NA,38
"EWS","EWS","PenalizedLDA",NA,NA,12
"EWS","EWS","PenalizedLDA",NA,NA,18
"NB","NB","HDDA",NA,NA,34
"EWS","EWS","HDDA",NA,NA,19
"EWS","EWS","HDDA",NA,NA,5
"NB","NB","HDDA",NA,NA,85
"NB","NB","HDDA",NA,NA,42
"NB","NB","HDDA",NA,NA,38
"EWS","EWS","HDDA",NA,NA,12
"EWS","EWS","HDDA",NA,NA,18
